Sub-region,Management Area,Stream_Number,StreamName,STAT_AREA_NAME,AWC_CODE,LATITUDE,LONGITUDE,Correct_num/code_name_verified,Location_verified
NSE Inside,Juneau,115-31-038,Sullivan Creek,North Lynn Canal,115-31-10380,58.858363,-135.320646,X,X
NSE Outside,Sitka,113-41-034,Camp Coogan,Sitka Sound,113-41-10344,57.003894,-135.22678,X,X
SSE,Petersburg,105-10-011,Louise Cove,Affleck Canal/Spanish Is/Louise Cove,105-10-10110,56.196872,-133.973779,X,X
NSE Inside,Petersburg,110-34-01A,Harmony Creek,Port Houghton,110-34-10012,57.338407,-133.381753,X,X
NSE Inside,Juneau,115-32-025,Chilkat River,Chilkat Inlet,115-32-10250,59.22620966,-135.5098265,X,
NSE Inside,Juneau,115-20-062,Cowee Creek-Berners Bay,Berners Bay,115-20-10620,58.68069662,-134.9556172,X,X
NSE Inside,Juneau,115-20-052,Sawmill Creek,Berners Bay,115-20-10520,58.71843171,-134.9456125,X,X
NSE Inside,Juneau,115-10-080,Endicott River,Central Lynn Canal,115-10-10800,58.78227208,-135.2531394,X,X
NSE Inside,Juneau,115-10-065,Beardslee River,Central Lynn Canal,115-10-10650,58.70511454,-135.2392012,X,X
NSE Inside,Juneau,115-10-046,St. James Creek,Central Lynn Canal,115-10-10460,58.62027432,-135.2048766,X,X
NSE Inside,Juneau,115-10-042,St. James Bay NW Side,Central Lynn Canal,115-10-10420,58.624498,-135.23361,X,X
NSE Inside,Juneau,115-10-032,S of St. James Point,Central Lynn Canal,115-10-10308,58.54665413,-135.1763101,X,X
NSE Inside,Juneau,114-80-050,Cabin Creek-Excursion Inlet,Excursion Inlet,114-80-10500,58.38000922,-135.4242007,X,X
NSE Inside,Juneau,114-80-045,Neva Creek,Excursion Inlet,114-80-10450-2004,58.4130705,-135.4161088,X,X
NSE Inside,Juneau,114-80-020,Excursion River,Excursion Inlet,114-80-10200,58.51427506,-135.5226604,X,
NSE Inside,Juneau,114-50-030,Margret Creek-Port Althorp,Port Althorp,114-50-10300,58.13118453,-136.3335367,X,
NSE Inside,Juneau,114-50-025,Humpie Creek-Port Althorp,Port Althorp,114-50-10250,58.12194561,-136.3157982,X,X
NSE Inside,Juneau,114-50-020,Althrop Creek,Port Althorp,114-50-10200,58.10115548,-136.2677675,X,X
NSE Inside,Juneau,114-50-012,S Anchor Bight Creek,Port Althorp,114-50-10120,58.14471355,-136.2673037,X,X
NSE Inside,Juneau,114-50-010,Anchor Bight Creek,Port Althorp,114-50-10100,58.14830148,-136.2726666,X,X
NSE Inside,Juneau,114-40-038,Marble Creek-Idaho Inlet,Idaho Inlet,114-40-10380,58.0757201,-136.1502787,X,
NSE Inside,Juneau,114-40-035,Trail River,Idaho Inlet,114-40-10350,58.06500165,-136.1071792,X,
NSE Inside,Juneau,114-40-025,Cabin Creek-Idaho Inlet,Idaho Inlet,114-40-10250,58.12270712,-136.182351,X,
NSE Inside,Juneau,114-40-023,Nip and Tuck Creek,Idaho Inlet,114-40-10230,58.13937415,-136.1696416,X,X
NSE Inside,Juneau,114-34-010,Humpback Creek-Port Frederick,W Shore Port Frederick,114-34-10100,58.09384393,-135.5792629,X,X
NSE Inside,Juneau,114-33-023,Neka River,Neka Bay,114-33-10230,58.05567303,-135.7882468,X,
NSE Inside,Juneau,114-32-006,Bear Creek-Midway Rocks,Port Frederick Head,114-32-10060,58.00077848,-135.5800516,X,
NSE Inside,Juneau,114-32-004,Seagull Creek,Port Frederick Head,114-32-10040,58.016006,-135.56219,X,X
NSE Inside,Juneau,114-31-013,Game Creek,Hoonah Area,114-31-10130,58.09042416,-135.4709212,X,X
NSE Inside,Juneau,114-27-030,Spasski Creek,Point Sophia Area,114-27-10300,58.09514106,-135.2922606,X,
NSE Inside,Juneau,114-27-018,Whitestone Head Creek,Point Sophia Area,114-27-10180,58.06749817,-135.1114128,X,
NSE Inside,Juneau,114-27-015,Suntaheen Creek,Point Sophia Area,114-27-10150,58.06453495,-135.1075977,X,
NSE Inside,Juneau,114-27-012,Whitestone E Side,Point Sophia Area,114-27-10120,58.05706059,-135.0719177,X,X
NSE Inside,Juneau,114-25-035,West Swanson Creek,Homeshore,114-25-10350,58.21187819,-135.1418988,X,
NSE Inside,Juneau,114-25-018,Humpy Creek-Homeshore,Homeshore,114-25-10180,58.27325996,-135.3419042,X,X
NSE Inside,Juneau,114-25-012,East Homeshore Creek,Homeshore,114-25-10120,58.30922257,-135.3731028,X,
NSE Inside,Juneau,114-25-010,Homeshore Creek,Homeshore,114-25-10100,58.31094457,-135.3733526,X,
NSE Inside,Juneau,114-25-005,Windy Creek,Homeshore,114-25-10050,58.35297852,-135.4088979,X,
NSE Inside,Juneau,114-23-080,Goose Creek,Point Adolphus Area,114-23-10800,58.20132178,-136.0428047,X,
NSE Inside,Juneau,114-23-070,Mud Bay River,Point Adolphus Area,114-23-10700,58.18940306,-135.9926664,X,
NSE Inside,Juneau,114-23-035,Chicken Creek,Point Adolphus Area,114-23-10350,58.2333444,-135.7158323,X,
NSE Inside,Juneau,114-23-024,East Kahtaheena River,Point Adolphus Area,114-23-10240,58.40670564,-135.5654953,X,
NSE Inside,Juneau,114-23-022,Kahtaheena River,Point Adolphus Area,114-23-10220,58.41797519,-135.6101327,X,
NSE Outside,Sitka,113-96-002,Saltery River-Stag Bay,Stag Bay,113-96-10020,57.90212192,-136.2718461,X,X
NSE Outside,Sitka,113-95-007,Steelhead River-Lisianski Inlet,Lisianski Inlet,113-95-10070,57.86509367,-136.1007272,X,X
NSE Outside,Sitka,113-95-006,Lisianski River,Lisianski Inlet,113-95-10060,57.84780687,-136.041862,X,
NSE Outside,Sitka,113-95-004,Phonograph Creek,Lisianski Inlet,113-95-10040,57.90716098,-136.1374354,X,
NSE Outside,Sitka,113-95-003,Pelican Creek,Lisianski Inlet,113-95-10030,57.95612704,-136.2216155,X,
NSE Outside,Sitka,113-81-011,Black River,Portlock Harbor,113-81-10110,57.70696859,-136.115897,X,
NSE Outside,Sitka,113-81-010,Black Bay North Head,Portlock Harbor,113-81-10100,57.71613976,-136.121746,X,
NSE Outside,Sitka,113-81-003,Goulding Harbor Head,Portlock Harbor,113-81-10030,57.79712615,-136.2260168,NA,
NSE Outside,Sitka,113-73-012,Khaz Creek,Slocum Arm,113-73-10120,57.49651164,-135.925561,NA,
NSE Outside,Sitka,113-73-010,Slocum Arm Head,Slocum Arm,113-73-10100,57.44410722,-135.8131456,NA,
NSE Outside,Sitka,113-73-006,Waterfall Cove Creek,Slocum Arm,113-73-10060,57.52686822,-135.9147977,NA,
NSE Outside,Sitka,113-73-004,South Ford Arm,Slocum Arm,113-73-10040,57.56252549,-135.9136979,NA,
NSE Outside,Sitka,113-73-003,Ford Arm Creek,Slocum Arm,113-73-10030,57.58191834,-135.9152674,X,X
NSE Outside,Sitka,113-72-005,Sister Lake SE Head,Klag Bay,113-72-10040-2025,57.62556779,-135.9780385,X,X
NSE Outside,Sitka,113-72-004,Rust Creek,Klag Bay,113-72-10040-2019,57.6335577,-135.9970884,X,X
NSE Outside,Sitka,113-66-006,St. John Baptist Head,St John The Baptist Bay,113-66-10060,57.2841784,-135.5437245,X,
NSE Outside,Sitka,113-66-003,Marine Cove,St John The Baptist Bay,113-66-10030,57.32517258,-135.6345154,X,
NSE Outside,Sitka,113-65-005,Fish Bay S Side Head,Fish Bay,113-65-10050,57.35310622,-135.4959135,X,
NSE Outside,Sitka,113-65-004,Fish Bay Creek,Fish Bay,113-65-10040,57.35729656,-135.4834374,X,
NSE Outside,Sitka,113-64-001,Deep Bay Head,Deep Bay,113-64-10010,57.45492631,-135.653757,NA,
NSE Outside,Sitka,113-62-008,Sinitsin Cove Head,Inner Salisbury Sound,113-62-10080,57.32121777,-135.7379948,NA,
NSE Outside,Sitka,113-62-006,Sukoi Inlet W Side,Inner Salisbury Sound,113-62-10060,57.27915232,-135.6884175,X,X
NSE Inside,Sitka,113-59-007,Sitkoh Bay Head,Sitkoh Bay,113-59-10070,57.5366994,-134.9780555,X,X
NSE Inside,Sitka,113-59-004,Sitkoh Creek,Sitkoh Bay,113-59-10040,57.52196136,-134.9573415,X,X
NSE Inside,Sitka,113-58-004,Hoonah Sound N Head,North Arm Hoonah Sound,113-58-10500-2001,57.77009009,-135.838288,X,X
NSE Inside,Sitka,113-58-003,Granite Creek N Arm,North Arm Hoonah Sound,113-58-10400,57.75934717,-135.8442103,X,
NSE Inside,Sitka,113-58-002,Hoonah Sound N Arm West,North Arm Hoonah Sound,113-58-10020,57.73537323,-135.7797141,NA,
NSE Inside,Sitka,113-57-009,Hoonah Sound S Arm Head,South Arm Hoonah Sound,113-57-10090,57.71161565,-135.755256,NA,
NSE Inside,Sitka,113-57-005,Patterson Bay W Head,South Arm Hoonah Sound,113-57-10050,57.64926055,-135.8142089,NA,
NSE Inside,Sitka,113-57-002,Hoonah Sound S Arm SW,South Arm Hoonah Sound,113-57-10020,57.64962645,-135.7011029,NA,
NSE Inside,Sitka,113-57-001,Fick Cove Head,South Arm Hoonah Sound,113-57-10010,57.62875989,-135.683543,NA,
NSE Inside,Sitka,113-56-003,Ushk Bay W End,Ushk Bay,113-56-10030,57.54824015,-135.6786182,X,X
NSE Inside,Sitka,113-56-002,Ushk  ,Ushk Bay,113-56-10020,57.546422,-135.690068,X,X
NSE Inside,Sitka,113-55-001,Finger River,Hoonah Sound,113-55-10010,57.65145054,-135.5246028,NA,
NSE Inside,Sitka,113-54-007,Rodman Creek,Rodman Bay,113-54-10070,57.43484876,-135.3961254,NA,
NSE Inside,Sitka,113-54-005,Appleton Cove W Head,Rodman Bay,113-54-10050,57.46768588,-135.3097324,NA,
NSE Inside,Sitka,113-53-003,Saook Bay West Head,Saook Bay,113-53-10030,57.410254,-135.21727,X,X
NSE Inside,Sitka,113-52-004,Hanus Bay,Hanus Bay,113-52-10040,57.40906983,-135.0695153,X,
NSE Inside,Sitka,113-51-004,Peril Straits N-False Island,East Peril Straits,113-51-10040,57.52338394,-135.1806082,X,X
NSE Inside,Sitka,113-51-001,Broad Creek,East Peril Straits,113-51-10010,57.59173051,-135.3735727,X,
NSE Outside,Sitka,113-44-005,Katlian Bay S Fork,Katlian Bay,113-44-10050,57.16419393,-135.2860793,NA,
NSE Outside,Sitka,113-44-003,Katlian River,Katlian Bay,113-44-10030,57.16848597,-135.2865234,NA,
NSE Outside,Sitka,113-43-005,Liza Creek-Nakwasina Sound,Nakwasina Sound,113-43-10050,57.19628939,-135.3767265,NA,
NSE Outside,Sitka,113-43-002,Nakwasina River,Nakwasina Sound,113-43-10020,57.25553037,-135.3462999,NA,
NSE Outside,Sitka,113-42-003,Noson Creek,Nakwasina Passage,113-42-10035,57.25272454,-135.3985532,X,X
NSE Outside,Sitka,113-42-002,Limit Creek,Nakwasina Passage,113-42-10030,57.25355392,-135.4585761,X,
NSE Outside,Sitka,113-41-042,Kizhuchia Creek,Sitka Sound,113-41-10420,56.93657258,-135.3542138,NA,
NSE Outside,Sitka,113-41-032,Salmon Lake Stream,Sitka Sound,113-41-10320,56.97683493,-135.1474711,NA,
NSE Outside,Sitka,113-32-005,W Crawfish NE Arm Hd,West Crawfish Inlet,113-32-10050,56.84965695,-135.1149087,X,X
NSE Outside,Sitka,113-32-004,W Crawfish N Arm NE,West Crawfish Inlet,113-32-10040,56.84815755,-135.1915478,X,X
NSE Outside,Sitka,113-22-018,Whale Bay Great Arm E,Whale Bay,113-22-10180,56.68140845,-134.8519165,NA,
NSE Outside,Sitka,113-22-015,Whale Bay Great Arm Head,Whale Bay,113-22-10150,56.74647,-134.83079,X,X
NSE Outside,Sitka,113-22-008,Politofski Lake Outlet,Whale Bay,113-22-10080,56.71763268,-134.9522093,NA,
NSE Inside,Juneau,112-90-016,Whitewater S Arm Head,Whitewater Bay,112-90-10160,57.22732509,-134.529355,X,
NSE Inside,Juneau,112-90-014,Whitewater Creek,Whitewater Bay,112-90-10140,57.24226545,-134.5234901,X,X
NSE Inside,Juneau,112-80-028,Chaik Bay Creek,Chaik Bay,112-80-10280,57.306752,-134.443918,X,X
NSE Inside,Juneau,112-73-030,1st NW of Weir Creek,S Arm Hood Bay,112-73-10300,57.3505396,-134.386129,X,
NSE Inside,Juneau,112-73-024,Weir Creek S Arm Hood Bay,S Arm Hood Bay,112-73-10240,57.33694424,-134.3563492,X,
NSE Inside,Juneau,112-73-020,Hood Bay S Arm Head,S Arm Hood Bay,112-73-10200,57.3354799,-134.3230453,X,
NSE Inside,Juneau,112-73-017,Hood Bay S Arm Head N,S Arm Hood Bay,112-73-10170,57.34459214,-134.3243601,X,
NSE Inside,Juneau,112-72-012,Hood Bay N Arm E Head,N Arm Hood Bay,112-72-10120,57.39182742,-134.3234284,X,
NSE Inside,Juneau,112-72-011,Weir Creek N Arm Hood Bay,N Arm Hood Bay,112-72-10110,57.392702,-134.34694,X,X
NSE Inside,Juneau,112-71-024,Narrows Creek,Outer Hood Bay,112-71-10240,57.36952174,-134.4346879,X,
NSE Inside,Juneau,112-67-080,Favorite Creek,Kootznahoo Inlet,112-67-10800,57.46071283,-134.5023889,X,
NSE Inside,Juneau,112-67-060,Kanalku Lake Creek,Kootznahoo Inlet,112-67-10600,57.49818199,-134.4101827,X,
NSE Inside,Juneau,112-67-040,Jims Creek,Kootznahoo Inlet,112-67-10350-2012,57.59077683,-134.3312201,X,X
NSE Inside,Juneau,112-67-035,Hasselborg Creek,Kootznahoo Inlet,112-67-10350,57.57093092,-134.3633543,X,X
NSE Inside,Juneau,112-65-028,Piledriver Cove Creek,Hawk Inlet,112-65-10280,58.08358093,-134.7738149,X,
NSE Inside,Juneau,112-65-024,Greens Creek,Hawk Inlet,112-65-10240,58.099966,-134.76091,X,X
NSE Inside,Juneau,112-65-015,Hawk Inlet Head,Hawk Inlet,112-65-10150,58.18900161,-134.7405979,X,
NSE Inside,Juneau,112-65-014,Hawk Inlet Head NW,Hawk Inlet,112-65-10140,58.17970672,-134.7436826,X,
NSE Inside,Juneau,112-65-012,Jimmy Green Creek,Hawk Inlet,112-65-10120,58.17638912,-134.7567047,X,
NSE Inside,Juneau,112-63-013,Funter Creek,Funter Bay,112-63-10130,58.23688581,-134.8962208,X,
NSE Inside,Juneau,112-63-012,Funter Bay S Side,Funter Bay,112-63-10120,58.23914544,-134.8938801,X,
NSE Inside,Juneau,112-61-010,Point Howard Creek,Howard Bay,112-61-10100,58.31405922,-135.0914768,X,
NSE Inside,Juneau,112-61-008,Howard Bay NW Side,Howard Bay,112-61-10080,58.29798734,-135.0961115,X,
NSE Inside,Juneau,112-61-006,Howard Bay W Side,Howard Bay,112-61-10060,58.29182456,-135.1007225,X,
NSE Inside,Juneau,112-50-038,Seal Creek,Freshwater Bay,112-50-10380,57.93324306,-135.1519888,X,
NSE Inside,Juneau,112-50-032,Bay Head Creek,Freshwater Bay,112-50-10320,57.95154159,-135.2182318,X,
NSE Inside,Juneau,112-50-030,Freshwater Creek,Freshwater Bay,112-50-10300,57.94332536,-135.2097,X,X
NSE Inside,Juneau,112-50-020,Kennel Creek,Freshwater Bay,112-50-10250,57.89887,-135.15048,X,X
NSE Inside,Juneau,112-50-005,Wachusett Creek,Freshwater Bay,112-50-10050,57.82887083,-135.0090673,X,
NSE Inside,Juneau,112-48-035,Tenakee Inlet Head,Tenakee Head,112-48-10350,57.99189,-135.89631,X,X
NSE Inside,Juneau,112-48-023,West Bay Head Creek,Tenakee Head,112-48-10230,57.93699855,-135.8198066,X,
NSE Inside,Juneau,112-48-019,Little Goose Creek,Tenakee Head,112-48-10190,57.92147237,-135.7739824,X,X
NSE Inside,Juneau,112-48-015,Big Goose Creek,Tenakee Head,112-48-10150,57.914283,-135.75456,X,X
NSE Inside,Juneau,112-47-010,Long Bay Head,Long Bay,112-47-10100,57.855908,-135.65309,X,X
NSE Inside,Juneau,112-46-009,Seal Bay Head,Seal Bay,112-46-10070,57.82324,-135.5949893,X,X
NSE Inside,Juneau,112-46-004,E Side Seal Bay,Seal Bay,112-46-10040,57.82578855,-135.5497976,X,
NSE Inside,Juneau,112-45-036,E of Seal Bay Ent,Central Tenakee Inlet,112-45-10360,57.83292129,-135.497957,X,
NSE Inside,Juneau,112-45-032,Eaton Creek,Central Tenakee Inlet,112-45-10320,57.81494657,-135.4249088,X,
NSE Inside,Juneau,112-44-010,Saltery Bay,Saltery Bay,112-44-10100,57.770285,-135.45083,X,X
NSE Inside,Juneau,112-43-012,Crab Bay Head,Crab Bay,112-43-10100,57.73817981,-135.4604041,X,
NSE Inside,Juneau,112-43-002,Crab Bay South Side,Crab Bay,112-43-10020,57.72558232,-135.3639209,X,
NSE Inside,Juneau,112-42-032,Rudy Creek,Tenakee Springs,112-42-10320,57.73258728,-135.2474134,X,
NSE Inside,Juneau,112-42-025,Kadashan River,Tenakee Springs,112-42-10250,57.70235484,-135.2204374,X,X
NSE Inside,Juneau,112-42-016,Corner Bay Creek,Tenakee Springs,112-42-10160,57.73083989,-135.1208444,X,
NSE Inside,Juneau,112-42-008,Indian River-Tenakee,Tenakee Springs,112-42-10080,57.7774635,-135.1818931,X,
NSE Inside,Juneau,112-41-001,Passage Point Creek,Outer Tenakee Inlet,112-41-10360,57.75167844,-134.9326183,X,X
NSE Inside,Juneau,112-41-010,Trap Bay East,Outer Tenakee Inlet,112-41-10100,57.74410232,-135.0211633,X,
NSE Inside,Sitka,112-21-009,Kelp Bay Portage Arm,Kelp Bay,112-21-10090,57.36763529,-134.9634167,X,
NSE Inside,Sitka,112-21-008,Kelp Bay Middle Arm Head,Kelp Bay,112-21-10080,57.34076089,-135.0802724,X,X
NSE Inside,Sitka,112-21-006,Ralphs Creek,Kelp Bay,112-21-10060,57.328229,-135.021535,X,X
NSE Inside,Sitka,112-21-005,Clear River Kelp Bay,Kelp Bay,112-21-10050,57.25887042,-135.0096435,NA,
NSE Inside,Juneau,112-19-015,Wilson Cove SE,Wilson Cove Area,112-19-10150,57.15804259,-134.5828949,X,
NSE Inside,Juneau,112-19-010,Wilson River,Wilson Cove Area,112-19-10100,57.155757,-134.61229,X,X
NSE Inside,Juneau,112-17-050,Thayer Creek,Angoon to Hepburn,112-17-10500,57.57519255,-134.6287679,X,
NSE Inside,Juneau,112-17-040,Marble Creek-Angoon ,Angoon to Hepburn,112-17-10400,57.681925,-134.7011176,X,X
NSE Inside,Juneau,112-17-030,Fishery Creek,Angoon to Hepburn,112-17-10300,57.76554965,-134.7151522,X,
NSE Inside,Juneau,112-17-025,Lake Florence Creek,Angoon to Hepburn,112-17-10250,57.80717196,-134.710953,X,
NSE Inside,Juneau,112-17-016,Ward Creek,Angoon to Hepburn,112-17-10160,57.86848897,-134.7228856,X,
NSE Inside,Juneau,112-17-012,Lake Kathleen Creek,Angoon to Hepburn,112-17-10120,57.89582662,-134.7327233,X,
NSE Inside,Juneau,112-16-030,Wheeler Creek,West Mansfield Peninsula,112-16-10300,58.06297428,-134.7984878,X,
NSE Inside,Juneau,112-15-062,Robinson Creek,South Lynn Canal,112-15-10620,58.380675,-135.07881,X,X
NSE Inside,Juneau,112-15-054,Willie's Creek,South Lynn Canal,112-15-10540,58.41605118,-135.094259,X,
NSE Inside,Juneau,112-13-006,Iyouktug Creek,False Bay,112-13-10060,57.97019405,-134.9358597,X,
NSE Inside,Juneau,112-12-050,Wukuklook Creek,W Chatham Peril to Wukuktook,112-12-10500,57.9184218,-134.9381456,X,
NSE Inside,Juneau,112-12-046,Gypsum Creek,W Chatham Peril to Wukuktook,112-12-10460,57.89632814,-134.980803,X,
NSE Inside,Juneau,112-12-034,N of Basket Bay,W Chatham Peril to Wukuktook,112-12-10340,57.70764632,-134.9198005,X,
NSE Inside,Juneau,112-12-008,N of White Rock,W Chatham Peril to Wukuktook,112-12-10080,57.57017193,-134.8545171,X,
NSE Inside,Juneau,112-12-005,White Rock Creek,W Chatham Peril to Wukuktook,112-12-10050,57.54751747,-134.863725,X,
NSE Inside,Juneau,111-90-005,Limestone Creek,Limestone Inlet,111-90-10050,58.03722049,-133.9394769,X,
NSE Inside,Juneau,111-50-092,Barlow Cove W Shore,Auke Bay,111-50-10920,58.33348564,-134.8983524,X,
NSE Inside,Juneau,111-50-088,Barlow Head Creek,Auke Bay,111-50-10880,58.31943236,-134.8761178,X,
NSE Inside,Juneau,111-50-080,Bear Creek-Stephens Pas,Auke Bay,111-50-10800,58.28049452,-134.7815385,X,
NSE Inside,Juneau,111-50-069,Fish Creek,Auke Bay,111-50-10690,58.332728,-134.601756,X,X
NSE Inside,Juneau,111-41-018,Fowler Creek-Young Bay,Youngs Bay,111-41-10180,58.16276677,-134.692287,X,X
NSE Inside,Juneau,111-41-017,Cabin Creek-Admiralty Island,Youngs Bay,111-41-10170,58.16002265,-134.6786498,X,
NSE Inside,Juneau,111-41-016,West Cabin Creek,Youngs Bay,111-41-10160,58.16026189,-134.6699965,X,
NSE Inside,Juneau,111-41-012,1st W Admiralty Creek,Youngs Bay,111-41-10120,58.16353043,-134.6289851,X,
NSE Inside,Juneau,111-41-005,Admiralty Creek,Youngs Bay,111-41-10050,58.17570195,-134.5609103,X,X
NSE Inside,Juneau,111-40-070,Hilda Creek,Gastineau Channel,111-40-10690,58.22054151,-134.4958034,X,X
NSE Inside,Juneau,111-40-065,Middle Point Creek,Gastineau Channel,111-40-10600,58.24902626,-134.6272598,X,X
NSE Inside,Juneau,111-35-032,Gilbert Creek,Gilbert Bay,111-35-10320,57.93134547,-133.6825823,X,
NSE Inside,Juneau,111-35-020,Sweetheart Creek,Gilbert Bay,111-35-10200,57.94379212,-133.6916013,X,
NSE Inside,Juneau,111-33-010,Prospect Creek,Speel Arm,111-33-10100,58.04737466,-133.806306,X,X
NSE Inside,Juneau,111-32-099,Slocum Creek,Taku Inlet,111-32-10990,58.12395242,-134.0426968,X,
NSE Inside,Juneau,111-32-080,Turner Creek,Taku Inlet,111-32-10800,58.31556837,-133.969965,X,
NSE Inside,Juneau,111-31-040,Twin Point Creek,Point Arden to Midway Islands,111-31-10400,57.91338469,-134.0051961,X,
NSE Inside,Juneau,111-31-036,1st S of Twin Point,Point Arden to Midway Islands,111-31-10360,57.89749587,-134.0050604,X,
NSE Inside,Juneau,111-31-030,3rd S of Twin Point,Point Arden to Midway Islands,111-31-10300,57.85837903,-133.9768246,X,
NSE Inside,Juneau,111-21-095,Sanford Cove S Head,Tracy and Endicott Arms,111-21-10950,57.67467618,-133.4805181,X,
NSE Inside,Juneau,111-21-053,NE of Bushy Island,Tracy and Endicott Arms,111-21-10530,57.71827357,-133.4049711,X,
NSE Inside,Juneau,111-20-040,N of Pt. Glass Penn,South Glass Peninsula,111-20-10400,57.81847849,-133.9222561,X,
NSE Inside,Juneau,111-20-038,S of Pt. Glass Penn,South Glass Peninsula,111-20-10380,57.77951774,-133.9088288,X,
NSE Inside,Juneau,111-20-031,S of Midway Point,South Glass Peninsula,111-20-10310,57.71874694,-133.8951131,X,
NSE Inside,Juneau,111-20-024,Point League Creek,South Glass Peninsula,111-20-10240,57.63836149,-133.6173293,X,
NSE Inside,Juneau,111-20-020,Thistle Ledge Creek,South Glass Peninsula,111-20-10200,57.67238499,-133.6432588,X,
NSE Inside,Juneau,111-17-010,King Salmon River,Seymour Head,111-17-10100,58.04200257,-134.3414478,X,X
NSE Inside,Juneau,111-16-040,Swan Cove Creek,Swan Cove,111-16-10450,57.99440381,-134.3484787,X,X
NSE Inside,Juneau,111-16-035,Swan Cove S Creek,Swan Cove,111-16-10350,57.99190871,-134.3447727,X,
NSE Inside,Juneau,111-15-030,Pack Creek,Windfall-Pack Area,111-15-10300,57.90474312,-134.2900596,X,
NSE Inside,Juneau,111-15-024,Windfall Hbr W Side,Windfall-Pack Area,111-15-10240,57.84806162,-134.3094978,X,
NSE Inside,Juneau,111-15-020,Windfall-Pack Area,Windfall-Pack Area,111-15-10200,57.82370674,-134.2945473,X,
NSE Inside,Juneau,111-14-044,W Side Seymour Canal,Central Seymour Canal,111-14-10440,57.80743094,-134.1874539,X,
NSE Inside,Juneau,111-14-042,Opp Middle Tiedeman,Central Seymour Canal,111-14-10420,57.79384525,-134.1701267,X,
NSE Inside,Juneau,111-14-038,Opposite S Tiedeman,Central Seymour Canal,111-14-10380,57.75883278,-134.1445411,X,
NSE Inside,Juneau,111-13-015,Mole Harbor N Side,Mole Harbor,111-13-10150,57.66933232,-134.0928232,X,
NSE Inside,Juneau,111-13-010,Mole River,Mole Harbor,111-13-10100,57.660517,-134.07379,X,X
NSE Inside,Juneau,111-12-005,Pleasant Bay Creek,Pleasant Bay,111-12-10050,57.6306334,-133.9964567,X,
NSE Inside,Juneau,111-11-020,Bear Creek-Seymour Canal,South Central Seymour Canal,111-11-10200,57.69498851,-134.0704771,X,
NSE Inside,Petersburg,110-34-014,Negro Creek,Port Houghton,110-34-10140,57.28499375,-133.4147066,NA,
NSE Inside,Petersburg,110-34-013,1st E of Negro Creek,Port Houghton,110-34-10130,57.28460026,-133.3608301,NA,
NSE Inside,Petersburg,110-34-012,Placer Creek,Port Houghton,110-34-10120,57.28512211,-133.3477549,NA,
NSE Inside,Petersburg,110-34-008,Sanborn Creek,Port Houghton,110-34-10080,57.234998,-133.186333,X,X
NSE Inside,Petersburg,110-34-006,Glen Creek,Port Houghton,110-34-10060,57.31786558,-133.0979205,X,X
NSE Inside,Petersburg,110-34-003,Rusty River,Port Houghton,110-34-10030,57.37120786,-133.0684086,NA,
NSE Inside,Petersburg,110-34-002,West of Bluffs,Port Houghton,110-34-10020,57.33706624,-133.339509,NA,
NSE Inside,Petersburg,110-34-001,Port Houghton N Side,Port Houghton,110-34-10010,57.34125232,-133.3971291,NA,
NSE Inside,Petersburg,110-33-013,Lauras Creek,Hobart Bay,110-33-10130,57.412721,-133.346759,X,X
NSE Inside,Petersburg,110-33-008,Nancy Creek-Hobart Bay,Hobart Bay,110-33-10080,57.45129778,-133.3161169,NA,
NSE Inside,Petersburg,110-32-014,Surprise Creek-Windham Bay,Windham Bay,110-32-10140,57.54974813,-133.4872582,NA,
NSE Inside,Petersburg,110-32-009,Chuck River,Windham Bay,110-32-10090,57.57833247,-133.3517429,X,X
NSE Inside,Petersburg,110-32-002,Goat Creek-Windham Bay,Windham Bay,110-32-10020,57.57712811,-133.5162821,NA,
NSE Inside,Petersburg,110-31-004,Roberts Island Creek,Fanshaw/Foot Is/CAA Station/Windham Bl,110-31-10030,57.28737625,-133.4803472,X,X
NSE Inside,Petersburg,110-31-001,Rockpile Creek Stephens,Fanshaw/Foot Is/CAA Station/Windham Bl,110-31-10010,57.51020241,-133.5098915,NA,
NSE Inside,Petersburg,110-23-040,East of Snug Cove,Gambier Bay,110-23-10210,57.41776032,-133.9329938,X,X
NSE Inside,Petersburg,110-23-019,Snug Cove-Gambier Bay,Gambier Bay,110-23-10190,57.424274,-133.97671,X,X
NSE Inside,Petersburg,110-23-010,Bowman Creek,Gambier Bay,110-23-10150,57.46684303,-134.1108068,X,
NSE Inside,Petersburg,110-23-012,1st East of Bowman,Gambier Bay,110-23-10120,57.49884815,-134.0797678,NA,
NSE Inside,Petersburg,110-23-008,Johnston Creek,Gambier Bay,110-23-10100,57.50763528,-134.1041033,X,X
NSE Inside,Petersburg,110-23-006,Marker Creek,Gambier Bay,110-23-10080,57.49555598,-134.0060172,X,
NSE Inside,Petersburg,110-23-005,Gambier Bay N Arm West,Gambier Bay,110-23-10050,57.51996392,-133.9608784,NA,
NSE Inside,Petersburg,110-23-004,Last Chance Creek-Gambier Bay,Gambier Bay,110-23-10040,57.53057509,-133.9573084,NA,
NSE Inside,Petersburg,110-22-014,Cannery Cove-Pybus Bay,Pybus Bay,110-22-10140,57.306248,-134.15955,X,X
NSE Inside,Petersburg,110-22-012,Donkey Creek,Pybus Bay,110-22-10100,57.33787121,-134.1715599,X,X
NSE Inside,Petersburg,110-22-009,Beautiful Creek,Pybus Bay,110-22-10090,57.37157689,-134.1842988,NA,
NSE Inside,Petersburg,110-22-008,Pybus Bay Main Arm,Pybus Bay,110-22-10080,57.38948787,-134.2021507,NA,
NSE Inside,Petersburg,110-22-006,Pybus Bay Head,Pybus Bay,110-22-10060,57.39543175,-134.1918679,NA,
NSE Inside,Petersburg,110-22-004,Amber Creek,Pybus Bay,110-22-10040,57.362871,-134.083609,X,X
NSE Inside,Petersburg,110-22-002,Old Mans Creek-Pybus Bay,Pybus Bay,110-22-10020,57.32998464,-134.0335603,NA,
NSE Inside,Petersburg,110-21-005,N of Square Point,False Point Pybus/Brothers Island,110-21-10050,57.33985244,-133.923074,NA,
NSE Inside,Petersburg,110-21-004,False Point Pybus Creek,False Point Pybus/Brothers Island,110-21-10040,57.34922776,-133.9047578,NA,
NSE Inside,Petersburg,110-17-005,SW of Pinta Rocks,Turnabout Is/Pinta Rocks,110-17-10050,57.07677507,-133.9558088,NA,
NSE Inside,Petersburg,110-16-014,Schooner Island,Schooner Is/Big Creek/Portage Bay,110-16-10135,57.08111494,-133.8005769,X,
NSE Inside,Petersburg,110-16-013,1st E Schooner Island,Schooner Is/Big Creek/Portage Bay,110-16-10130,57.07941572,-133.7796834,NA,
NSE Inside,Petersburg,110-16-007,2nd W of West Point,Schooner Is/Big Creek/Portage Bay,110-16-10070,57.01653069,-133.4464548,NA,
NSE Inside,Petersburg,110-16-002,Portage Bay Head,Schooner Is/Big Creek/Portage Bay,110-16-10030,56.92956031,-133.2873921,X,
NSE Inside,Petersburg,110-15-003,Cat Creek Point Highland,Cape Fanshaw to Bay Point,110-15-10030,57.1450271,-133.4243039,NA,
NSE Inside,Petersburg,110-14-008,Dale Creek-Francis Anch,Farragut Bay,110-14-10080,57.15824483,-133.1292077,NA,
NSE Inside,Petersburg,110-14-007,Farragut River,Farragut Bay,110-14-10070,57.15803981,-133.1552315,NA,
NSE Inside,Petersburg,110-14-005,Farragut Bay N Arm,Farragut Bay,110-14-10050,57.18242847,-133.2546295,NA,
NSE Inside,Petersburg,110-13-004,Dry Bay Creek,Dry Bay/Tohdahl Creek,110-13-10040,57.06871,-133.02373,X,X
NSE Inside,Petersburg,110-11-003,Twelvemile Creek Fred S,Beacon Point to Cape Strait,110-11-10030,56.97826721,-133.0696918,NA,
NSE Inside,Petersburg,109-63-017,P Malmesbury S Arm S,Port Malmsbury,109-63-10170,56.23839265,-134.2083811,NA,
NSE Inside,Petersburg,109-63-015,P Malmesbury S Arm E,Port Malmsbury,109-63-10150,56.23993242,-134.2060511,NA,
NSE Inside,Petersburg,109-63-012,P Malmesbury Lake Ck,Port Malmsbury,109-63-10120,56.29163817,-134.2092469,NA,
NSE Inside,Petersburg,109-63-005,Joyce Creek Malmesbury,Port Malmsbury,109-63-10050,56.32609491,-134.1678442,NA,
NSE Inside,Petersburg,109-63-003,2nd W Joyce Creek,Port Malmsbury,109-63-10030,56.32594514,-134.2028114,NA,
NSE Inside,Petersburg,109-63-02C,Tavin Creek,Port Malmsbury,109-63-10025,56.32350988,-134.2097971,X,
NSE Inside,Petersburg,109-63-002,Gods Pocket North,Port Malmsbury,109-63-10020,56.31254292,-134.2395346,NA,
NSE Inside,Petersburg,109-63-001,Gods Pocket West,Port Malmsbury,109-63-10010,56.30660974,-134.2468319,NA,
NSE Inside,Petersburg,109-62-038,Gedney Harbor S Head,Tebenkof Bay,109-62-10380,56.35894502,-134.2326525,NA,
NSE Inside,Petersburg,109-62-036,Neal Creek,Tebenkof Bay,109-62-10360,56.35945495,-134.2250499,NA,
NSE Inside,Petersburg,109-62-031,Thetis Bay Salt Chuck,Tebenkof Bay,109-62-10310,56.38304161,-134.1872164,NA,
NSE Inside,Petersburg,109-62-030,Thetis Bay SW Head,Tebenkof Bay,109-62-10300,56.36785857,-134.1786035,NA,
NSE Inside,Petersburg,109-62-029,Wolf Creek Thetis Bay,Tebenkof Bay,109-62-10290,56.36164109,-134.1708195,NA,
NSE Inside,Petersburg,109-62-028,William Creek Thetis E,Tebenkof Bay,109-62-10280,56.37411922,-134.1219115,NA,
NSE Inside,Petersburg,109-62-026,Petrof Bay SW Head,Tebenkof Bay,109-62-10260,56.378776,-134.0829818,NA,
NSE Inside,Petersburg,109-62-024,Petrof Bay W Head,Tebenkof Bay,109-62-10240,56.36372859,-134.0680531,X,X
NSE Inside,Petersburg,109-62-022,Petrof Bay S Head,Tebenkof Bay,109-62-10220,56.34134099,-134.0569129,NA,
NSE Inside,Petersburg,109-62-020,Petrof Bay SE Head,Tebenkof Bay,109-62-10200,56.36277011,-134.0433208,NA,
NSE Inside,Petersburg,109-62-018,Goose Trap Creek,Tebenkof Bay,109-62-10180,56.42172163,-134.039536,NA,
NSE Inside,Petersburg,109-62-017,W of Long Island,Tebenkof Bay,109-62-10170,56.43289354,-134.0470684,NA,
NSE Inside,Petersburg,109-62-015,Slough Creek,Tebenkof Bay,109-62-10150,56.46088546,-134.0409231,NA,
NSE Inside,Petersburg,109-62-014,Sample Creek,Tebenkof Bay,109-62-10140,56.474244,-134.03588,X,X
NSE Inside,Petersburg,109-62-13A,1st S Alecks Creek,Tebenkof Bay,109-62-10134,56.50035739,-134.0398925,X,
NSE Inside,Petersburg,109-62-013,Alecks Creek,Tebenkof Bay,109-62-10130,56.50434398,-134.0431637,X,X
NSE Inside,Petersburg,109-62-012,Elena Bay Head,Tebenkof Bay,109-62-10120,56.55179317,-134.0815839,NA,
NSE Inside,Petersburg,109-62-011,Elena Bay NW Head,Tebenkof Bay,109-62-10110,56.54730062,-134.0898432,NA,
NSE Inside,Petersburg,109-62-010,Elena Bay NW Side,Tebenkof Bay,109-62-10100,56.53873506,-134.1040622,NA,
NSE Inside,Petersburg,109-62-009,4th NE of Gap Pt,Tebenkof Bay,109-62-10090,56.51515098,-134.1051093,NA,
NSE Inside,Petersburg,109-62-003,Piledriver Cove-Tebenkof Bay,Tebenkof Bay,109-62-10030,56.54259027,-134.1875088,NA,
NSE Inside,Petersburg,109-52-055,Kwatahein Creek,Rowan Bay and Bay of Pillars,109-52-10550,56.59534292,-134.2343439,NA,
NSE Inside,Petersburg,109-52-050,Pillar Bay SW Side,Rowan Bay and Bay of Pillars,109-52-10500,56.61065801,-134.1690763,NA,
NSE Inside,Petersburg,109-52-035,Kutlaku Creek,Rowan Bay and Bay of Pillars,109-52-10350,56.62009032,-134.1182891,NA,
NSE Inside,Petersburg,109-52-030,Pillar Bay Head,Rowan Bay and Bay of Pillars,109-52-10300,56.6442267,-134.0853119,NA,
NSE Inside,Petersburg,109-52-009,Rowan Bay SE Head,Rowan Bay and Bay of Pillars,109-52-10088,56.67006008,-134.2172226,X,
NSE Inside,Petersburg,109-52-008,Rowan Bay E Head,Rowan Bay and Bay of Pillars,109-52-10080,56.67535091,-134.2300525,X,
NSE Inside,Petersburg,109-52-007,Rowan Creek,Rowan Bay and Bay of Pillars,109-52-10060,56.688163,-134.23378,X,X
NSE Inside,Petersburg,109-52-005,Wanigan Creek,Rowan Bay and Bay of Pillars,109-52-10045,56.68156108,-134.2549127,X,
NSE Inside,Petersburg,109-52-004,Rowan Bay NW Side,Rowan Bay and Bay of Pillars,109-52-10040,56.66443434,-134.268462,X,
NSE Inside,Petersburg,109-52-002,Outer Rowan Bay,Rowan Bay and Bay of Pillars,109-52-10020,56.66386308,-134.3235754,X,
NSE Inside,Petersburg,109-52-001,East of Pt Sullivan,Rowan Bay and Bay of Pillars,109-52-10010,56.67427305,-134.3455146,NA,
NSE Inside,Petersburg,109-51-005,Piledriver Cove NW Kuiu,Kingsmill/Washington Bay,109-51-10050,56.77571188,-134.3924728,NA,
NSE Inside,Petersburg,109-45-017,Lookout Point Creek,Security Bay,109-45-10170,56.83088997,-134.3382175,NA,
NSE Inside,Petersburg,109-45-016,Security Bay S Mid,Security Bay,109-45-10160,56.81733353,-134.3200449,NA,
NSE Inside,Petersburg,109-45-015,Security Bay S Side,Security Bay,109-45-10150,56.81463024,-134.3041882,NA,
NSE Inside,Petersburg,109-45-013,Salt Chuck-Security Bay,Security Bay,109-45-10130,56.78249747,-134.2996053,NA,
NSE Inside,Petersburg,109-45-010,Security Bay Creek,Security Bay,109-45-10100,56.80580362,-134.2764144,NA,
NSE Inside,Petersburg,109-44-039,Saginaw Creek,Saginaw Bay,109-44-10390,56.844679,-134.15974,X,X
NSE Inside,Petersburg,109-44-037,Saginaw Bay S Head,Saginaw Bay,109-44-10370,56.84967805,-134.1358896,X,X
NSE Inside,Petersburg,109-42-030,Kadake Creek,Kake/Kadake Bay/Keku Strait,109-42-10300,56.80056418,-133.9705963,NA,
NSE Inside,Petersburg,109-42-010,Hamilton River,Kake/Kadake Bay/Keku Strait,109-42-10100,56.89386321,-133.743278,NA,
NSE Inside,Petersburg,109-42-009,Cathedral Falls Creek,Kake/Kadake Bay/Keku Strait,109-42-10090,56.89466196,-133.7426522,NA,
NSE Inside,Petersburg,109-42-005,Jenny Creek,Kake/Kadake Bay/Keku Strait,109-42-10050,56.93174098,-133.8717162,NA,
NSE Inside,Petersburg,109-42-001,Point White Creek,Kake/Kadake Bay/Keku Strait,109-42-10010,57.01644865,-134.0297842,NA,
NSE Inside,Petersburg,109-30-025,Little Pybus Bay Creek,Eliza Harbor/Herring Bay/Tyee,109-30-10260,57.27100288,-134.1593654,X,
NSE Inside,Petersburg,109-30-018,Surprise Harbor East,Eliza Harbor/Herring Bay/Tyee,109-30-10190,57.03968369,-134.5658833,X,
NSE Inside,Petersburg,109-30-017,Curtiss Creek,Eliza Harbor/Herring Bay/Tyee,109-30-10170,57.05884579,-134.5421016,NA,
NSE Inside,Petersburg,109-30-016,Tyee Head East,Eliza Harbor/Herring Bay/Tyee,109-30-10160,57.05562976,-134.5381054,NA,
NSE Inside,Petersburg,109-30-013,Bergmann Creek,Eliza Harbor/Herring Bay/Tyee,109-30-10130,57.12117227,-134.4013202,NA,
NSE Inside,Petersburg,109-30-011,Herring Bay Middle,Eliza Harbor/Herring Bay/Tyee,109-30-10110,57.13256684,-134.3890246,NA,
NSE Inside,Petersburg,109-30-010,Herring Bay East,Eliza Harbor/Herring Bay/Tyee,109-30-10100,57.13137158,-134.3719425,NA,
NSE Inside,Petersburg,109-30-008,Chapin Bay Head,Eliza Harbor/Herring Bay/Tyee,109-30-10080,57.16242539,-134.3545726,NA,
NSE Inside,Petersburg,109-30-006,Eliza Lake Creek,Eliza Harbor/Herring Bay/Tyee,109-30-10060,57.19768033,-134.305045,NA,
NSE Inside,Petersburg,109-30-005,Eliza Harbor West Side,Eliza Harbor/Herring Bay/Tyee,109-30-10050,57.21193767,-134.311578,NA,
NSE Inside,Petersburg,109-30-004,Eliza Harbor Head West,Eliza Harbor/Herring Bay/Tyee,109-30-10040,57.25296402,-134.2998375,NA,
NSE Inside,Petersburg,109-30-003,Eliza Creek,Eliza Harbor/Herring Bay/Tyee,109-30-10030,57.25648595,-134.2961503,NA,
NSE Inside,Petersburg,109-30-001,Woewodski Harbor,Eliza Harbor/Herring Bay/Tyee,109-30-10010,57.18463729,-134.235672,NA,
NSE Inside,Sitka,109-20-016,Red Bluff Bay S Head,Red Bluff Area,109-20-10160,56.86738833,-134.8092563,NA,
NSE Inside,Sitka,109-20-007,Gut Bay Head,Red Bluff Area,109-20-10070,56.70238835,-134.7524926,NA,
NSE Inside,Sitka,109-10-028,Patterson Bay Head,Southeast Baranof Island,109-10-10280,56.63394411,-134.6796164,NA,
NSE Inside,Sitka,109-10-023,Deep Cove NW Head,Southeast Baranof Island,109-10-10230,56.55058469,-134.7415396,NA,
NSE Inside,Sitka,109-10-009,Lovers Cove Creek,Southeast Baranof Island,109-10-10120,56.38977221,-134.7173474,X,
NSE Inside,Sitka,109-10-006,Sashin Creek,Southeast Baranof Island,109-10-10090,56.38043667,-134.6507079,X,X
SSE,Petersburg,108-60-006,Fivemile Creek Sukoi Island,Pt Frederick/Pt Agassiz,108-60-10060,56.88356332,-132.9647222,NA,
SSE,Petersburg,108-40-13A,W of Hot Springs,Wrangell,108-40-10150-2033-3007,56.71967993,-132.062251,X,X
SSE,Petersburg,108-40-020,Andrews Creek,Wrangell,108-40-10150-2008,56.66931379,-132.2534571,X,
SSE,Petersburg,108-41-010,North Arm Creek,N. Stikine Flats/Leconte Bay/Ideal,108-40-10150-2007,56.68492843,-132.306356,X,
SSE,Petersburg,108-20-001,King George Creek,Meter Bight/King George,108-20-10010,56.30831817,-132.5313642,NA,
SSE,Petersburg,107-40-065,Bradfield Canal SW W,Blake Channel,107-40-10650,56.18945614,-131.8245296,NA,
SSE,Petersburg,107-40-064,Bradfield Canal SW E,Blake Channel,107-40-10640,56.19109833,-131.8200718,NA,
SSE,Petersburg,107-40-057,1st E of Hoya Creek,Blake Channel,107-40-10570,56.18684297,-131.6993936,NA,
SSE,Petersburg,107-40-055,Eagle River,Blake Channel,107-40-10550,56.15469772,-131.5882798,NA,
SSE,Petersburg,107-40-053,Bradfield River E Fork,Blake Channel,107-40-10530,56.21205209,-131.5421788,NA,
SSE,Petersburg,107-40-049,Harding River,Blake Channel,107-40-10490,56.20498484,-131.6206058,X,X
SSE,Petersburg,107-40-047,Tom Lake Creek,Blake Channel,107-40-10470,56.20967683,-131.6803724,NA,
SSE,Petersburg,107-40-040,Franks Creek-Bradfield Canal,Blake Channel,107-40-10400,56.21843965,-131.7266976,NA,
SSE,Petersburg,107-40-038,Marten Creek-Bradfield Canal,Blake Channel,107-40-10380,56.23103801,-131.8833178,NA,
SSE,Petersburg,107-40-025,Oerns Creek,Blake Channel,107-40-10250,56.38012897,-131.9427568,NA,
SSE,Petersburg,107-40-022,Berg Creek,Blake Channel,107-40-10220,56.39149778,-131.9477186,NA,
SSE,Petersburg,107-45-006,E of Crittenden Creek,Earl West Cove Special Harvest Area,107-40-10060,56.49110238,-132.2575258,NA,
SSE,Petersburg,107-45-005,Crittenden Creek,Earl West Cove Special Harvest Area,107-40-10050,56.4915572,-132.260092,NA,
SSE,Petersburg,107-30-090,Dog Salmon NE Etolin,Zimovia Strait/Anita Bay,107-30-10900,56.25394677,-132.4010629,NA,
SSE,Petersburg,107-30-080,Brad Creek NW Anita Bay,Zimovia Strait/Anita Bay,107-30-10800,56.2003873,-132.4976631,NA,
SSE,Petersburg,107-30-078,Anita Bay Head W,Zimovia Strait/Anita Bay,107-30-10780,56.18647214,-132.5092019,NA,
SSE,Petersburg,107-30-070,Snake Creek Olive Cove,Zimovia Strait/Anita Bay,107-30-10700,56.17875407,-132.3284611,NA,
SSE,Petersburg,107-30-030,Thoms Creek,Zimovia Strait/Anita Bay,107-30-10300,56.17983912,-132.14862,NA,
SSE,Petersburg,107-20-071,Fools Inlet Head E,Anan/Fools/Menefee/Deer Is/N Ernest Sd,107-20-10710,56.23406123,-132.0596786,X,
SSE,Petersburg,107-20-070,Fools Inlet Head W,Anan/Fools/Menefee/Deer Is/N Ernest Sd,107-20-10700,56.23373907,-132.0617681,X,
SSE,Petersburg,107-20-030,Menefee Creek,Anan/Fools/Menefee/Deer Is/N Ernest Sd,107-20-10300,56.13770544,-132.261378,X,
SSE,Petersburg,107-20-023,Fisherman Chuck,Anan/Fools/Menefee/Deer Is/N Ernest Sd,107-20-10230,56.050162,-132.218515,NA,
SSE,Petersburg,107-20-020,Canoe Pass-Etolin Island,Anan/Fools/Menefee/Deer Is/N Ernest Sd,107-20-10200,56.02164766,-132.2127363,NA,
SSE,Petersburg,107-20-016,Watkins Point Creek,Anan/Fools/Menefee/Deer Is/N Ernest Sd,107-20-10170,55.94929561,-132.0411992,X,
SSE,Petersburg,107-20-015,June Creek,Anan/Fools/Menefee/Deer Is/N Ernest Sd,107-20-10150,55.95908385,-132.0102729,NA,
SSE,Petersburg,107-20-010,Santa Anna Inlet,Anan/Fools/Menefee/Deer Is/N Ernest Sd,107-20-10100,55.97532486,-131.9341957,NA,
SSE,Petersburg,107-20-001,Anan Creek,Anan/Fools/Menefee/Deer Is/N Ernest Sd,107-20-10010,56.1826847,-131.8909033,NA,
SSE,Petersburg,107-10-072,S Etolin Island East,Union Bay/Emerald Bay/S Ernest Sound,107-10-10740,55.93333419,-132.2535916,X,
SSE,Petersburg,107-10-071,Chum Creek S Etolin Mid,Union Bay/Emerald Bay/S Ernest Sound,107-10-10720,55.93543118,-132.2635994,NA,
SSE,Petersburg,107-10-070,Kudays Creek S Etolin,Union Bay/Emerald Bay/S Ernest Sound,107-10-10700,55.93783304,-132.2763104,NA,
SSE,Petersburg,107-10-030,Black Bear Creek,Union Bay/Emerald Bay/S Ernest Sound,107-10-10300,55.72591689,-132.1684038,NA,
SSE,Petersburg,107-10-025,Vixen Harbor,Union Bay/Emerald Bay/S Ernest Sound,107-10-10250,55.80020583,-132.1418336,NA,
SSE,Petersburg,107-10-024,Vixen Inlet West Sd,Union Bay/Emerald Bay/S Ernest Sound,107-10-10240,55.8045889,-132.0662324,NA,
SSE,Petersburg,107-10-020,Vixen Inlet Creek,Union Bay/Emerald Bay/S Ernest Sound,107-10-10200,55.77682361,-132.0031928,NA,
SSE,Petersburg,107-10-010,Emerald Creek,Union Bay/Emerald Bay/S Ernest Sound,107-10-10100,55.88569021,-132.040209,NA,
SSE,Petersburg,106-44-060,Petersburg Creek,Wrangell Narrows,106-44-10600,56.83975397,-133.0564383,NA,
SSE,Petersburg,106-42-010,Kah Sheets Creek,Kah Sheets/St Johns,106-42-10100,56.53032685,-133.1422908,NA,
SSE,Petersburg,106-42-003,St Johns Harbor,Kah Sheets/St Johns,106-42-10030,56.43227818,-132.9694223,NA,
SSE,Petersburg,106-41-065,Douglas Bay,Sumner Strait/Pt Baker/Macnamara,106-41-10650,56.48208161,-133.3099912,NA,
SSE,Petersburg,106-41-060,Totem Bay NE Side,Sumner Strait/Pt Baker/Macnamara,106-41-10610,56.49101709,-133.3625533,X,
SSE,Petersburg,106-41-058,Zim Creek Totem Bay,Sumner Strait/Pt Baker/Macnamara,106-41-10600,56.49663943,-133.3739296,X,X
SSE,Petersburg,106-41-055,Totem Creek,Sumner Strait/Pt Baker/Macnamara,106-41-10550,56.50481949,-133.4397081,NA,
SSE,Petersburg,106-41-044,Alder Creek,Sumner Strait/Pt Baker/Macnamara,106-41-10440,56.34075155,-133.5357637,NA,
SSE,Petersburg,106-41-042,Buster Creek,Sumner Strait/Pt Baker/Macnamara,106-41-10420,56.32472994,-133.4404227,NA,
SSE,Petersburg,106-41-030,Red Bay Creek,Sumner Strait/Pt Baker/Macnamara,106-41-10300,56.27196273,-133.3335688,NA,
SSE,Petersburg,106-30-085,Exchange Cove Creek,Steamer Bay/Kindergarten/Quiet Harbor,106-30-10850,56.18996988,-133.0749295,NA,
SSE,Petersburg,106-30-082,Squaw Creek,Steamer Bay/Kindergarten/Quiet Harbor,106-30-10820,56.13131334,-133.0887649,NA,
SSE,Petersburg,106-30-072,Mabel Creek,Steamer Bay/Kindergarten/Quiet Harbor,106-30-10720,56.03231144,-133.067955,NA,
SSE,Petersburg,106-30-051,Hatchery Creek,Steamer Bay/Kindergarten/Quiet Harbor,106-30-10670-2004-3031,55.94061023,-132.9734741,X,
SSE,Petersburg,106-30-015,Coffman Creek,Steamer Bay/Kindergarten/Quiet Harbor,106-30-10160,55.9986386,-132.8557882,X,
SSE,Petersburg,106-30-012,Chum Creek-Coffman,Steamer Bay/Kindergarten/Quiet Harbor,106-30-10120,56.0127096,-132.8221475,NA,
SSE,Petersburg,106-30-010,Porcupine Creek,Steamer Bay/Kindergarten/Quiet Harbor,106-30-10100,56.13086788,-132.6585867,NA,
SSE,Petersburg,106-30-004,Quiet Harbor,Steamer Bay/Kindergarten/Quiet Harbor,106-30-10040,56.22690323,-132.6630289,NA,
SSE,Petersburg,106-22-016,Navy Creek,"Burnett,Mosman,McHenry Inlet",106-22-10160,56.0604967,-132.4527546,NA,
SSE,Petersburg,106-22-010,Mosman Inlet SE Head,"Burnett,Mosman,McHenry Inlet",106-22-10100,56.14583153,-132.5813047,NA,
SSE,Petersburg,106-22-008,Mosman Creek E Head,"Burnett,Mosman,McHenry Inlet",106-22-10080,56.14784378,-132.5799505,NA,
SSE,Petersburg,106-22-006,Flat Creek-Mosman Inlet,"Burnett,Mosman,McHenry Inlet",106-22-10060,56.1603066,-132.5906586,NA,
SSE,Petersburg,106-22-004,Mosman Inlet NW Head,"Burnett,Mosman,McHenry Inlet",106-22-10040,56.15018448,-132.5980094,NA,
SSE,Petersburg,106-21-005,Trout Creek-McHenry Inlet,none yet,106-21-10050,56.03542546,-132.3776391,X,X
SSE,Petersburg,106-20-023,McHenry Anchorage Creek,Rocky Bay/McHenry Anchorage,106-20-10230,55.96691955,-132.4159204,X,X
SSE,Petersburg,106-20-010,Streets Creek-Rocky Bay,Rocky Bay/McHenry Anchorage,106-20-10100,56.09054617,-132.6222178,NA,
SSE,Petersburg,106-10-030,Eagle Creek-Luck Lake,Ratz Harbor Shore,106-10-10300,55.96747569,-132.7215032,X,X
SSE,Petersburg,106-10-010,Ratz Harbor Creek,Ratz Harbor Shore,106-10-10100,55.88597595,-132.6052216,NA,
SSE,Petersburg,106-10-006,Little Ratz Creek,Ratz Harbor Shore,106-10-10060,55.86072258,-132.5795314,NA,
SSE,Petersburg,106-10-004,Sal Creek,Ratz Harbor Shore,106-10-10040,55.81196691,-132.5073882,NA,
SSE,Petersburg,105-50-001,Trout Creek-Kosciusko Island,Warren Is/Trout Creek/Cape Pole,105-50-10010,56.05064683,-133.6972605,NA,
SSE,Petersburg,105-43-006,Shipley Bay S Side,Shipley Bay,105-43-10060,56.08145652,-133.5529126,NA,
SSE,Petersburg,105-43-005,Shipley Bay SE Side,Shipley Bay,105-43-10050,56.07509826,-133.5357742,NA,
SSE,Petersburg,105-43-002,Shipley Bay Lake Creek,Shipley Bay,105-43-10020,56.08980123,-133.5051262,NA,
SSE,Petersburg,105-42-012,El Capitan Dry Pass,Shakan Bay/Calder Bay/El Capitan Pass,105-42-10120,56.14600519,-133.3498305,NA,
SSE,Petersburg,105-42-011,El Capitan-Aneskett,Shakan Bay/Calder Bay/El Capitan Pass,105-42-10110,56.15282637,-133.2740063,NA,
SSE,Petersburg,105-42-009,El Capitan Creek,Shakan Bay/Calder Bay/El Capitan Pass,105-42-10090,56.16250447,-133.3405966,NA,
SSE,Petersburg,105-42-008,Bear Creek-Dry Pass,Shakan Bay/Calder Bay/El Capitan Pass,105-42-10080,56.17329626,-133.4072541,NA,
SSE,Petersburg,105-42-006,Marble Creek-Shakan,Shakan Bay/Calder Bay/El Capitan Pass,105-42-10060,56.17463926,-133.4655162,NA,
SSE,Petersburg,105-42-005,Calder Creek,Shakan Bay/Calder Bay/El Capitan Pass,105-42-10050,56.1998,-133.5222,NA,
SSE,Petersburg,105-41-005,Hole-In-The-Wall SE,Port Protection/Hole In The Wall,105-41-10050,56.26667374,-133.6212804,NA,
SSE,Petersburg,105-32-082,Seclusion Harbor Head,Rocky Pass/Threemile Arm/Seclusion Hbr,105-32-10820,56.55794763,-133.929152,NA,
SSE,Petersburg,105-32-080,Seclusion Harbor N,Rocky Pass/Threemile Arm/Seclusion Hbr,105-32-10800,56.56295109,-133.9195004,NA,
SSE,Petersburg,105-32-073,3 Mile Arm NW Arm Hd,Rocky Pass/Threemile Arm/Seclusion Hbr,105-32-10730,56.61791271,-133.9401826,NA,
SSE,Petersburg,105-32-004,Tunehean Creek,Rocky Pass/Threemile Arm/Seclusion Hbr,105-32-10040,56.59199945,-133.6624947,NA,
SSE,Petersburg,105-32-001,Lovelace Creek,Rocky Pass/Threemile Arm/Seclusion Hbr,105-32-10010,56.55444785,-133.6583913,NA,
SSE,Petersburg,105-31-029,Reid Bay SW Arm Head,Reid Bay/No Name Bay/Point Barrie,105-31-10290,56.37545213,-133.932461,NA,
SSE,Petersburg,105-31-027,Reid Bay West Side,Reid Bay/No Name Bay/Point Barrie,105-31-10270,56.38464395,-133.9184354,NA,
SSE,Petersburg,105-31-025,Reid Bay N Arm E,Reid Bay/No Name Bay/Point Barrie,105-31-10250,56.4034995,-133.9180491,NA,
SSE,Petersburg,105-31-020,Alvin Bay Head,Reid Bay/No Name Bay/Point Barrie,105-31-10200,56.43561251,-133.9521044,NA,
SSE,Petersburg,105-31-019,Alvin Bay North Side,Reid Bay/No Name Bay/Point Barrie,105-31-10190,56.43964752,-133.9384232,NA,
SSE,Petersburg,105-31-003,Kushneahin Creek,Reid Bay/No Name Bay/Point Barrie,105-31-10030,56.47135331,-133.6674026,NA,
SSE,Petersburg,105-20-012,Point Beauclerc S Arm E,Port Beauclerc,105-20-10120,56.27122626,-133.9634052,NA,
SSE,Petersburg,105-20-010,Gail Creek S Arm SE Hd,Port Beauclerc,105-20-10100,56.25145697,-133.9761315,NA,
SSE,Petersburg,105-20-009,P Beauclerc S Arm Hd,Port Beauclerc,105-20-10088,56.25524143,-133.9936547,X,
SSE,Petersburg,105-20-008,Cannery Creek Beauclerc,Port Beauclerc,105-20-10080,56.30625466,-133.9943288,NA,
SSE,Petersburg,105-20-007,P Beauclerc NW Side,Port Beauclerc,105-20-10070,56.33407296,-133.9845559,NA,
SSE,Petersburg,105-20-006,P Beauclerc Lake,Port Beauclerc,105-20-10060,56.34104767,-133.9889817,NA,
SSE,Petersburg,105-20-005,P Beauclerc NW Head,Port Beauclerc,105-20-10050,56.35753785,-133.9851478,NA,
SSE,Petersburg,105-20-004,Paul Creek N Arm Hd,Port Beauclerc,105-20-10040,56.36711645,-133.9864317,NA,
SSE,Petersburg,105-20-002,Kim Creek,Port Beauclerc,105-20-10020,56.3049627,-133.8946133,NA,
SSE,Petersburg,105-10-032,Kell Bay Creek,Affleck Canal/Spanish Is/Louise Cove,105-10-10320,56.19281693,-134.1908611,NA,
SSE,Petersburg,105-10-028,Kell Slough Creek,Affleck Canal/Spanish Is/Louise Cove,105-10-10290,56.17259412,-134.1490276,X,
SSE,Petersburg,105-10-026,Salt Chuck Affleck,Affleck Canal/Spanish Is/Louise Cove,105-10-10260,56.2058267,-134.1152089,NA,
SSE,Petersburg,105-10-024,Bear Harbor Creek,Affleck Canal/Spanish Is/Louise Cove,105-10-10240,56.26056526,-134.1326544,NA,
SSE,Petersburg,105-10-021,Joan Creek,Affleck Canal/Spanish Is/Louise Cove,105-10-10210,56.28525547,-134.0799751,NA,
SSE,Petersburg,105-10-019,Kathleen Creek-Affleck Canal,Affleck Canal/Spanish Is/Louise Cove,105-10-10190,56.31583036,-134.0813429,NA,
SSE,Petersburg,105-10-018,Affleck Canal NE,Affleck Canal/Spanish Is/Louise Cove,105-10-10185,56.32102209,-134.0692955,NA,
SSE,Petersburg,105-10-017,East of Bear Harbor,Affleck Canal/Spanish Is/Louise Cove,105-10-10170,56.22663627,-134.0553782,NA,
SSE,Petersburg,105-10-016,Linda Sue Slough,Affleck Canal/Spanish Is/Louise Cove,105-10-10160,56.19040548,-134.0078122,NA,
SSE,Petersburg,105-10-010,N of Louise Cove,Affleck Canal/Spanish Is/Louise Cove,105-10-10100,56.20764135,-133.9539911,NA,
SSE,Petersburg,105-10-009,West of Pt Amelius,Affleck Canal/Spanish Is/Louise Cove,105-10-10095,56.21185256,-133.9368295,NA,
SSE,Petersburg,105-10-003,2nd N Louise Cove,Affleck Canal/Spanish Is/Louise Cove,105-10-10092,56.21106755,-133.915286,X,
SSE,Ketchikan,103-90-081,Devilfish Bay N Side,Sea Otter Sound,103-90-10810,56.10199895,-133.328961,NA,
SSE,Ketchikan,103-90-080,Devilfish Bay Head,Sea Otter Sound,103-90-10800,56.08155473,-133.390781,NA,
SSE,Ketchikan,103-90-075,Tenass Passage,Sea Otter Sound,103-90-10750,56.01830586,-133.3206203,NA,
SSE,Ketchikan,103-90-067,Tokeen Bay N Side,Sea Otter Sound,103-90-10670,56.01944736,-133.4121427,NA,
SSE,Ketchikan,103-90-065,Holbrook Inlet Head,Sea Otter Sound,103-90-10650,56.04756961,-133.4838791,NA,
SSE,Ketchikan,103-90-064,Holbrook Inlet W Side,Sea Otter Sound,103-90-10640,56.03799164,-133.4956609,NA,
SSE,Ketchikan,103-90-063,Van Sant Cove,Sea Otter Sound,103-90-10630,55.99084979,-133.5388961,NA,
SSE,Ketchikan,103-90-061,Hamlin Creek,Sea Otter Sound,103-90-10610,55.96905766,-133.5955162,NA,
SSE,Ketchikan,103-90-059,Edna Bay Head,Sea Otter Sound,103-90-10590,55.96905093,-133.6341921,NA,
SSE,Ketchikan,103-90-058,Charley Creek,Sea Otter Sound,103-90-10580,55.96116228,-133.6432618,NA,
SSE,Ketchikan,103-90-057,Edna Bay,Sea Otter Sound,103-90-10570,55.95282372,-133.6625629,NA,
SSE,Ketchikan,103-90-042,Shaheen Creek,Sea Otter Sound,103-90-10420,55.74686262,-133.248404,NA,
SSE,Ketchikan,103-90-030,Staney Creek,Sea Otter Sound,103-90-10310,55.818389,-133.15125,X,X
SSE,Ketchikan,103-90-028,Slow Creek,Sea Otter Sound,103-90-10280,55.86168027,-133.1549655,NA,
SSE,Ketchikan,103-90-027,Gutchie Creek,Sea Otter Sound,103-90-10270,55.8805197,-133.1336714,NA,
SSE,Ketchikan,103-90-026,Naukati Creek,Sea Otter Sound,103-90-10260,55.88550655,-133.1496964,NA,
SSE,Ketchikan,103-90-025,Yatuk Creek,Sea Otter Sound,103-90-10250,55.89355348,-133.1532847,NA,
SSE,Ketchikan,103-90-006,El Capitan East Side,Sea Otter Sound,103-90-10060,56.0211896,-133.2522839,NA,
SSE,Ketchikan,103-90-004,Sarheen Cove,Sea Otter Sound,103-90-10040,56.05229569,-133.2542974,NA,
SSE,Ketchikan,103-80-056,Inside St Phillips S,St Phillips/Warmchuck,103-80-10560,55.63815389,-133.3948488,NA,
SSE,Ketchikan,103-80-050,S of Salt Lake Bay,St Phillips/Warmchuck,103-80-10500,55.66313237,-133.3931479,NA,
SSE,Ketchikan,103-80-046,Salt Laek Bay R Head,St Phillips/Warmchuck,103-80-10460,55.68285873,-133.3562782,NA,
SSE,Ketchikan,103-80-044,Salt Lake Bay Head,St Phillips/Warmchuck,103-80-10440,55.68864315,-133.3501877,NA,
SSE,Ketchikan,103-80-042,Salt Lake Bay N Head,St Phillips/Warmchuck,103-80-10420,55.69974376,-133.3643159,NA,
SSE,Ketchikan,103-80-035,Nossuk Bay Left Head,St Phillips/Warmchuck,103-80-10350,55.71349091,-133.3230873,NA,
SSE,Ketchikan,103-80-031,Chuck Lake Creek,St Phillips/Warmchuck,103-80-10310,55.75864687,-133.4721135,NA,
SSE,Ketchikan,103-80-026,Warm Chuck Left Head,St Phillips/Warmchuck,103-80-10260,55.77858229,-133.5465565,NA,
SSE,Ketchikan,103-80-024,Warm Chuck NW Side,St Phillips/Warmchuck,103-80-10240,55.7725938,-133.5540703,NA,
SSE,Ketchikan,103-80-015,Warm Chuck Inlet SW,St Phillips/Warmchuck,103-80-10150,55.74205518,-133.5099185,NA,
SSE,Ketchikan,103-70-011,11 Mile Creek,11-Mile,103-70-10110,55.58487972,-133.2770951,NA,
SSE,Ketchikan,103-70-008,Goodrow Creek,11-Mile,103-70-10080,55.60758089,-133.3458353,NA,
SSE,Ketchikan,103-70-005,James Creek,11-Mile,103-70-10050,55.61880535,-133.3760977,NA,
SSE,Ketchikan,103-60-093,West of Caldera,Big Salt/Trocadero Bay,103-60-10930,55.37374683,-133.1770733,NA,
SSE,Ketchikan,103-60-092,Port Caldera,Big Salt/Trocadero Bay,103-60-10920,55.36107314,-133.1608881,NA,
SSE,Ketchikan,103-60-090,East of Caldera,Big Salt/Trocadero Bay,103-60-10900,55.37473964,-133.1031754,NA,
SSE,Ketchikan,103-60-089,Perlas Point Creek,Big Salt/Trocadero Bay,103-60-10890,55.36713074,-133.080075,NA,
SSE,Ketchikan,103-60-087,Deep Bay,Big Salt/Trocadero Bay,103-60-10850,55.34237445,-133.0401691,NA,
SSE,Ketchikan,103-60-081,Little John Creek,Big Salt/Trocadero Bay,103-60-10810,55.34480961,-132.9633868,NA,
SSE,Ketchikan,103-60-075,Trocadero Bay,Big Salt/Trocadero Bay,103-60-10750,55.35364547,-132.8873166,NA,
SSE,Ketchikan,103-60-073,Trocadero Bay N Side,Big Salt/Trocadero Bay,103-60-10730,55.35762679,-132.9175005,NA,
SSE,Ketchikan,103-60-071,Trocadero Bay NW Side,Big Salt/Trocadero Bay,103-60-10710,55.37049664,-132.9654598,NA,
SSE,Ketchikan,103-60-066,Doyle Bay East Side,Big Salt/Trocadero Bay,103-60-10660,55.41257091,-133.0357307,NA,
SSE,Ketchikan,103-60-065,Doyle Creek,Big Salt/Trocadero Bay,103-60-10650,55.4181245,-133.0338517,NA,
SSE,Ketchikan,103-60-059,Port St Nicholas Head,Big Salt/Trocadero Bay,103-60-10590,55.45025457,-132.9908293,NA,
SSE,Ketchikan,103-60-057,St. Nicholas N Side,Big Salt/Trocadero Bay,103-60-10570,55.45443911,-133.0329769,NA,
SSE,Ketchikan,103-60-050,Crab Creek,Big Salt/Trocadero Bay,103-60-10500,55.48380123,-133.1261318,NA,
SSE,Ketchikan,103-60-043,Airport Creek S Klawock,Big Salt/Trocadero Bay,103-60-10430,55.57041129,-133.0883748,NA,
SSE,Ketchikan,103-60-037,Big Salt Lake SW Side,Big Salt/Trocadero Bay,103-60-10370,55.59892658,-133.0412159,NA,
SSE,Ketchikan,103-60-035,Dog Salmon Creek,Big Salt/Trocadero Bay,103-60-10350,55.62512337,-132.9893171,NA,
SSE,Ketchikan,103-60-031,Blackbear Creek Big Salt,Big Salt/Trocadero Bay,103-60-10310,55.62362204,-132.9398006,NA,
SSE,Ketchikan,103-60-029,Steelhead Creek,Big Salt/Trocadero Bay,103-60-10290,55.6316873,-132.9596152,NA,
SSE,Ketchikan,103-60-027,Big Salt Lake N Side M,Big Salt/Trocadero Bay,103-60-10270,55.63486529,-132.9885334,NA,
SSE,Ketchikan,103-60-013,Shinaku Creek,Big Salt/Trocadero Bay,103-60-10130,55.60519836,-133.1404154,NA,
SSE,Ketchikan,103-60-011,Shinaku Inlet N Side,Big Salt/Trocadero Bay,103-60-10110,55.6036513,-133.1668053,NA,
SSE,Ketchikan,103-60-009,Shinaku Inlet,Big Salt/Trocadero Bay,103-60-10090,55.60084825,-133.1787271,NA,
SSE,Ketchikan,103-60-003,Picnic Bay,Big Salt/Trocadero Bay,103-60-10030,55.58610797,-133.2407021,NA,
SSE,Ketchikan,103-50-058,Port Delores,Bucareli Bay,103-50-10600,55.32907001,-133.3811683,X,X
SSE,Ketchikan,103-50-051,Port Refugio North,Bucareli Bay,103-50-10490,55.29434572,-133.32398,X,
SSE,Ketchikan,103-50-049,Port Refugio W Arm H,Bucareli Bay,103-50-10480,55.27829608,-133.340203,X,
SSE,Ketchikan,103-50-047,Port Refugio W Arm S,Bucareli Bay,103-50-10470,55.27780287,-133.3335469,NA,
SSE,Ketchikan,103-50-044,Port Refugio W Arm R,Bucareli Bay,103-50-10440,55.27523103,-133.302097,NA,
SSE,Ketchikan,103-50-042,Port Refugio E Arm,Bucareli Bay,103-50-10420,55.27584484,-133.2702596,NA,
SSE,Ketchikan,103-50-035,Ulloa Bay,Bucareli Bay,103-50-10350,55.28243871,-133.1223449,NA,
SSE,Ketchikan,103-50-032,E of Waterfall Creek,Bucareli Bay,103-50-10320,55.28440873,-133.1362841,NA,
SSE,Ketchikan,103-50-029,Waterfall Creek S,Bucareli Bay,103-50-10290,55.30470423,-133.2321728,NA,
SSE,Ketchikan,103-50-027,Waterfall Creek N,Bucareli Bay,103-50-10270,55.31166066,-133.2348908,NA,
SSE,Ketchikan,103-50-022,Port Estrella R Head,Bucareli Bay,103-50-10220,55.34897074,-133.2482695,NA,
SSE,Ketchikan,103-50-021,Port Estrella Head,Bucareli Bay,103-50-10210,55.35127839,-133.2279631,NA,
SSE,Ketchikan,103-40-089,Lively Creek,Tlevak Strait,103-40-10890,55.23262769,-133.1167513,NA,
SSE,Ketchikan,103-40-086,North Bay,Tlevak Strait,103-40-10860,55.20248206,-133.1272791,NA,
SSE,Ketchikan,103-40-084,Farallon Bay W Head,Tlevak Strait,103-40-10840,55.19017964,-133.1093677,NA,
SSE,Ketchikan,103-40-080,Breezy Bay Head,Tlevak Strait,103-40-10800,55.15707138,-133.1141701,NA,
SSE,Ketchikan,103-40-073,View Cove Head,Tlevak Strait,103-40-10730,55.09616964,-133.0963664,NA,
SSE,Ketchikan,103-40-071,South View Cove,Tlevak Strait,103-40-10710,55.09028907,-133.0982902,NA,
SSE,Ketchikan,103-40-064,N of Rose Point Ck,Tlevak Strait,103-40-10640,54.9863913,-132.9693596,NA,
SSE,Ketchikan,103-40-041,Hydaburg River,Tlevak Strait,103-40-10410,55.20586982,-132.8270085,NA,
SSE,Ketchikan,103-40-039,Natzuhini Bay E Side,Tlevak Strait,103-40-10390,55.2479011,-132.8266016,NA,
SSE,Ketchikan,103-40-035,Natzuhini NE Corner,Tlevak Strait,103-40-10350,55.27911154,-132.8281405,NA,
SSE,Ketchikan,103-40-033,Natzuhini N Center,Tlevak Strait,103-40-10330,55.2788155,-132.8478231,NA,
SSE,Ketchikan,103-40-030,Flat Creek - Natzuhini,Tlevak Strait,103-40-10300,55.27089646,-132.8665418,X,
SSE,Ketchikan,103-40-013,Soda Creek,Tlevak Strait,103-40-10130,55.28072104,-132.9207007,NA,
SSE,Ketchikan,103-40-009,Shelikof Creek,Tlevak Strait,103-40-10090,55.27612954,-132.9825222,NA,
SSE,Ketchikan,103-40-003,Soda Bay NW Side R,Tlevak Strait,103-40-10030,55.27457158,-133.0589395,NA,
SSE,Ketchikan,103-40-002,Tlevak Creek,Tlevak Strait,103-40-10020,55.27571124,-133.0797221,NA,
SSE,Ketchikan,103-40-001,Barry Creek,Tlevak Strait,103-40-10010,55.28294781,-133.1015679,NA,
SSE,Ketchikan,103-30-046,Rose Inlet,Kaigani Strait,103-30-10460,54.95193121,-132.9814465,NA,
SSE,Ketchikan,103-30-043,Vesta Bay,Kaigani Strait,103-30-10430,54.93116965,-132.9356723,NA,
SSE,Ketchikan,103-30-040,Grace Harbor Creek,Kaigani Strait,103-30-10400,54.90947249,-132.9317223,NA,
SSE,Ketchikan,103-30-035,Ham Cove Creek,Kaigani Strait,103-30-10350,54.8734483,-132.861189,NA,
SSE,Ketchikan,103-25-047,Hetta Creek,Hetta Inlet/Sukkwan Strait,103-25-10470,55.17164093,-132.5796385,NA,
SSE,Ketchikan,103-25-030,Portage Creek-Sulzer Passage,Hetta Inlet/Sukkwan Strait,103-25-10300,55.27541241,-132.5418116,X,
SSE,Ketchikan,103-25-015,Deer Creek,Hetta Inlet/Sukkwan Strait,103-25-10150,55.24144029,-132.6935666,NA,
SSE,Ketchikan,103-25-005,Saltery Creek,Hetta Inlet/Sukkwan Strait,103-25-10050,55.19487878,-132.7938758,NA,
SSE,Ketchikan,103-21-008,Nutkwa Creek,Upper Cordova Bay,103-21-10080,55.14634044,-132.4596632,NA,
SSE,Ketchikan,103-21-005,Nutkwa Creek North,Upper Cordova Bay,103-21-10050,55.13575952,-132.5296513,NA,
SSE,Ketchikan,103-15-027,Klakas Lake Creek,Klakas Inlet,103-15-10270,55.01444344,-132.3926512,NA,
SSE,Ketchikan,103-15-023,Klakas Right Head,Klakas Inlet,103-15-10230,55.08593418,-132.3844889,NA,
SSE,Ketchikan,103-15-019,Klakas Head,Klakas Inlet,103-15-10170,55.08243162,-132.4008837,X,
SSE,Ketchikan,103-15-016,Klakas Left Head,Klakas Inlet,103-15-10160,55.08042892,-132.4028895,NA,
SSE,Ketchikan,103-15-014,Klakas Inlet W Side N,Klakas Inlet,103-15-10140,55.04374338,-132.4194337,NA,
SSE,Ketchikan,103-15-010,Klakas Inlet W Side,Klakas Inlet,103-15-10100,54.99437944,-132.4280281,NA,
SSE,Ketchikan,103-11-041,Datzkoo Harbor Head,Lower Cordova Bay,103-11-10410,54.74733711,-132.7762798,X,
SSE,Ketchikan,103-11-035,Little Datzkoo Head,Lower Cordova Bay,103-11-10350,54.70377036,-132.7199302,X,
SSE,Ketchikan,103-11-017,Hunter Bay E Head,Lower Cordova Bay,103-11-10190,54.86855086,-132.292637,X,
SSE,Ketchikan,102-70-028,Windfall Creek-Clarence Strait,Tolstoi Shore,102-70-10280,55.59807232,-132.3585072,NA,
SSE,Ketchikan,102-60-084,Maybeso Creek,Kasaan Bay,102-60-10840,55.48130266,-132.6636529,NA,
SSE,Ketchikan,102-60-082,Harris River,Kasaan Bay,102-60-10820,55.459622,-132.68952,X,X
SSE,Ketchikan,102-60-072,Twelvemile Creek,Kasaan Bay,102-60-10720,55.36552868,-132.7352523,NA,
SSE,Ketchikan,102-60-068,Kina Creek,Kasaan Bay,102-60-10680,55.48799136,-132.5241606,NA,
SSE,Ketchikan,102-60-042,Cabin Creek-Polk Inlet,Kasaan Bay,102-60-10420,55.42202133,-132.4795061,X,
SSE,Ketchikan,102-60-039,142F Creek,Kasaan Bay,102-60-10390,55.35556911,-132.5182465,NA,
SSE,Ketchikan,102-60-038,Dog Salmon Creek-Kasaan Bay,Kasaan Bay,102-60-10380,55.34757716,-132.5042072,NA,
SSE,Ketchikan,102-60-037,Rock Creek,Kasaan Bay,102-60-10370,55.31484345,-132.4680108,NA,
SSE,Ketchikan,102-60-030,Goose Bay Creek,Kasaan Bay,102-60-10300,55.37766763,-132.4652638,NA,
SSE,Ketchikan,102-60-024,Old Tom Creek,Kasaan Bay,102-60-10240,55.39704406,-132.4054107,NA,
SSE,Ketchikan,102-60-016,Omar Creek,Kasaan Bay,102-60-10160,55.32779116,-132.358753,NA,
SSE,Ketchikan,102-60-014,McKenzie Creek,Kasaan Bay,102-60-10140,55.33038087,-132.3452634,NA,
SSE,Ketchikan,102-60-007,S Head Saltery Cove Creek,Kasaan Bay,102-60-10070,55.39861718,-132.3273432,NA,
SSE,Ketchikan,102-60-005,Saltery Cove Creek,Kasaan Bay,102-60-10050,55.40086314,-132.315679,NA,
SSE,Ketchikan,102-40-087,Sunny Creek,Cholmondeley Sound,102-40-10870,55.26431961,-132.2843199,NA,
SSE,Ketchikan,102-40-073,W Arm Chol Sd Head ,Cholmondeley Sound,102-40-10730,55.2592878,-132.4722798,NA,
SSE,Ketchikan,102-40-071,W Arm Chol Sd Head S,Cholmondeley Sound,102-40-10710,55.25560977,-132.4733165,X,X
SSE,Ketchikan,102-40-052,Cannery Creek W Arm,Cholmondeley Sound,102-40-10520,55.24386177,-132.326137,X,X
SSE,Ketchikan,102-40-047,W of Disappearance,Cholmondeley Sound,102-40-10470,55.13151339,-132.3568952,NA,
SSE,Ketchikan,102-40-043,Disappearance Creek,Cholmondeley Sound,102-40-10430,55.1311821,-132.333369,NA,
SSE,Ketchikan,102-40-017,Kitkun Bay,Cholmondeley Sound,102-40-10170,55.16182181,-132.1583116,NA,
SSE,Ketchikan,102-40-013,Kitkun Bay NE Side,Cholmondeley Sound,102-40-10130,55.19376892,-132.1011184,NA,
SSE,Ketchikan,102-40-011,Lancaster Cove East 1,Cholmondeley Sound,102-40-10110,55.2027947,-132.0959159,NA,
SSE,Ketchikan,102-40-009,Lancaster Cove East 2,Cholmondeley Sound,102-40-10090,55.20546529,-132.0849216,NA,
SSE,Ketchikan,102-40-007,Lancaster Cove East 3,Cholmondeley Sound,102-40-10070,55.21460828,-132.0822531,NA,
SSE,Ketchikan,102-30-089,Miller Lake Creek,Moira Sound,102-30-10890,55.12753241,-132.1845981,NA,
SSE,Ketchikan,102-30-087,Aiken Cove,Moira Sound,102-30-10870,55.11965203,-132.2046547,NA,
SSE,Ketchikan,102-30-067,Kegan Cove,Moira Sound,102-30-10670,55.0218718,-132.1717394,NA,
SSE,Ketchikan,102-30-065,Kugel Creek,Moira Sound,102-30-10650,55.04525695,-132.2536016,NA,
SSE,Ketchikan,102-30-063,Dickman Bay,Moira Sound,102-30-10630,55.05583,-132.2840461,NA,
SSE,Ketchikan,102-30-061,Dickman Bay Head,Moira Sound,102-30-10610,55.05544103,-132.3022599,NA,
SSE,Ketchikan,102-30-051,Frederick Creek,Moira Sound,102-30-10510,54.99542092,-132.285189,NA,
SSE,Ketchikan,102-30-043,Sick Creek,Moira Sound,102-30-10430,54.93420309,-132.215671,NA,
SSE,Ketchikan,102-30-037,Moira S Arm Head S,Moira Sound,102-30-10370,54.91605031,-132.2092444,NA,
SSE,Ketchikan,102-30-028,Perkins Creek,Moira Sound,102-30-10280,54.94513229,-132.1784552,NA,
SSE,Ketchikan,102-30-017,Johnson Cove Creek,Moira Sound,102-30-10170,54.97423358,-132.1097051,NA,
SSE,Ketchikan,101-90-097,Heckman Point North,Higgins Pt to Nose Pt/Naha/Traitors,101-90-10970,55.76873837,-131.7981327,NA,
SSE,Ketchikan,101-90-096,Heckman Creek,Higgins Pt to Nose Pt/Naha/Traitors,101-90-10960,55.75103252,-131.8050461,X,X
SSE,Ketchikan,101-90-092,Stewart Creek,Higgins Pt to Nose Pt/Naha/Traitors,101-90-10930,55.75541117,-131.8943858,X,
SSE,Ketchikan,101-90-090,Deanna Creek,Higgins Pt to Nose Pt/Naha/Traitors,101-90-10900,55.71495212,-131.8651295,NA,
SSE,Ketchikan,101-90-086,Granite Creek,Higgins Pt to Nose Pt/Naha/Traitors,101-90-10859,55.64550537,-131.8656206,NA,
SSE,Ketchikan,101-90-084,Helm Lake Creek,Higgins Pt to Nose Pt/Naha/Traitors,101-90-10840,55.65149472,-131.972674,NA,
SSE,Ketchikan,101-90-080,Helm Bay Head,Higgins Pt to Nose Pt/Naha/Traitors,101-90-10800,55.68246086,-132.0428899,NA,
SSE,Ketchikan,101-90-076,Falls Creek,Higgins Pt to Nose Pt/Naha/Traitors,101-90-10760,55.59692867,-131.9771346,NA,
SSE,Ketchikan,101-90-075,Smugglers Creek,Higgins Pt to Nose Pt/Naha/Traitors,101-90-10750,55.59658451,-131.9788805,NA,
SSE,Ketchikan,101-90-072,Bond Bay North,Higgins Pt to Nose Pt/Naha/Traitors,101-90-10720,55.5323137,-131.9603244,NA,
SSE,Ketchikan,101-90-071,Bond Bay South,Higgins Pt to Nose Pt/Naha/Traitors,101-90-10710,55.52396608,-131.9655302,NA,
SSE,Ketchikan,101-90-068,Lunch Creek,Higgins Pt to Nose Pt/Naha/Traitors,101-90-10680,55.51204032,-131.7247957,NA,
SSE,Ketchikan,101-90-061,Moser Bay,Higgins Pt to Nose Pt/Naha/Traitors,101-90-10610,55.53236041,-131.6446525,NA,
SSE,Ketchikan,101-90-060,Wolf Creek,Higgins Pt to Nose Pt/Naha/Traitors,101-90-10600,55.56033463,-131.6489989,NA,
SSE,Ketchikan,101-90-050,Naha River,Higgins Pt to Nose Pt/Naha/Traitors,101-90-10500,55.5918871,-131.5947009,NA,
SSE,Ketchikan,101-90-048,Loring Creek,Higgins Pt to Nose Pt/Naha/Traitors,101-90-10480,55.60102491,-131.6280703,NA,
SSE,Ketchikan,101-90-039,Margaret Creek,Higgins Pt to Nose Pt/Naha/Traitors,101-90-10390,55.700302,-131.6352971,NA,
SSE,Ketchikan,101-90-029,Traitors Cove Creek,Higgins Pt to Nose Pt/Naha/Traitors,101-90-10290,55.73290542,-131.5190877,NA,
SSE,Ketchikan,101-80-084,Short Creek,Bell Island/North Behm Canal,101-80-10840,56.00376518,-131.528423,NA,
SSE,Ketchikan,101-80-060,Sea Lion Cove,Bell Island/North Behm Canal,101-80-10600,55.90176828,-131.8357753,NA,
SSE,Ketchikan,101-80-052,Margarita Creek,Bell Island/North Behm Canal,101-80-10520,55.86929166,-131.8939801,NA,
SSE,Ketchikan,101-80-050,Spacious Bay R Head,Bell Island/North Behm Canal,101-80-10500,55.86492681,-131.9232758,NA,
SSE,Ketchikan,101-80-040,Wasta Creek,Bell Island/North Behm Canal,101-80-10400,55.85559372,-131.9222402,NA,
SSE,Ketchikan,101-80-003,Cow Creek,Bell Island/North Behm Canal,101-80-10030,55.93472405,-131.3810675,NA,
SSE,Ketchikan,101-75-076,Saks Creek,Back Behm Canal,101-75-10760,55.9501052,-131.1277897,NA,
SSE,Ketchikan,101-75-050,Klahini River,Back Behm Canal,101-75-10500,56.04439314,-131.0962547,NA,
SSE,Ketchikan,101-75-015,Eulachon River,Back Behm Canal,101-75-10150,56.05640471,-131.1262379,NA,
SSE,Ketchikan,101-75-010,Grant Creek-Behm Canal,Back Behm Canal,101-75-10100,56.03852209,-131.2144058,NA,
SSE,Ketchikan,101-75-005,Herman Creek-Behm Canal,Back Behm Canal,101-75-10050,55.99652462,-131.2990399,X,
SSE,Ketchikan,101-71-063,Portage Creek-Behm Canal,Walker Cove/Chichamin,101-71-10630,55.7496597,-131.0987744,NA,
SSE,Ketchikan,101-71-050,Grace Creek,Walker Cove/Chichamin,101-71-10500,55.66093904,-130.9646531,NA,
SSE,Ketchikan,101-71-028,Walker Creek,Walker Cove/Chichamin,101-71-10280,55.72413374,-130.7509881,NA,
SSE,Ketchikan,101-71-026,Walker Cove R Head,Walker Cove/Chichamin,101-71-10260,55.75270581,-130.7023386,NA,
SSE,Ketchikan,101-71-025,Walker Cove L Head,Walker Cove/Chichamin,101-71-10250,55.76270907,-130.7092444,NA,
SSE,Ketchikan,101-71-04C,Clear Creek,Walker Cove/Chichamin,101-71-10060,55.82516465,-130.9280627,X,
SSE,Ketchikan,101-71-04K,King Creek,Walker Cove/Chichamin,101-71-10040-2006,55.84035252,-130.8521086,X,X
SSE,Ketchikan,101-71-04H,Humpy Creek,Walker Cove/Chichamin,101-71-10040-2005,55.84875584,-130.8729344,NA,
SSE,Ketchikan,101-71-04E,Choca Creek,Walker Cove/Chichamin,101-71-10040-2004,55.83273279,-130.8555603,NA,
SSE,Ketchikan,101-60-030,Big Goat Creek,Rudyerd Bay,101-60-10300,55.54744747,-130.6768252,NA,
SSE,Ketchikan,101-60-025,Valentine Creek,Rudyerd Bay,101-60-10250,55.60852151,-130.6870012,NA,
SSE,Ketchikan,101-60-020,Sandpiper Creek,Rudyerd Bay,101-60-10200,55.63731829,-130.6483951,NA,
SSE,Ketchikan,101-60-015,Rudyerd Creek,Rudyerd Bay,101-60-10150,55.66244424,-130.6394309,NA,
SSE,Ketchikan,101-60-009,Nooya Creek,Rudyerd Bay,101-60-10090,55.61473908,-130.7108105,NA,
SSE,Ketchikan,101-55-087,Skull Creek,Smeaton Bay,101-55-10900,55.28671675,-130.8535118,X,
SSE,Ketchikan,101-55-083,Red Creek,Smeaton Bay,101-55-10870,55.28739538,-130.8318823,X,
SSE,Ketchikan,101-55-060,Bakewell Creek,Smeaton Bay,101-55-10600,55.30432232,-130.6253288,NA,
SSE,Ketchikan,101-55-040,Blossom River,Smeaton Bay,101-55-10400,55.40200803,-130.6074118,NA,
SSE,Ketchikan,101-55-020,Wilson River-Smeaton Bay,Smeaton Bay,101-55-10200,55.40222517,-130.6080211,NA,
SSE,Ketchikan,101-51-006,Checats Creek,Fox Point/Winstanley,101-51-10060,55.48429046,-130.8729508,NA,
SSE,Ketchikan,101-47-025,Ketchikan Creek,Tongass Narrows,101-47-10250,55.340823,-131.6417,X,X
SSE,Ketchikan,101-45-094,Spit Creek,Mountain Point to Carroll Point,101-45-10940,55.37078571,-131.363349,NA,
SSE,Ketchikan,101-45-078,Carroll Creek,Mountain Point to Carroll Point,101-45-10780,55.64054412,-131.3652275,X,X
SSE,Ketchikan,101-45-075,Nigelius Creek,Mountain Point to Carroll Point,101-45-10750,55.53586976,-131.3529063,NA,
SSE,Ketchikan,101-45-042,Salt Lagoon Right,Mountain Point to Carroll Point,101-45-10420,55.52657947,-131.4399381,NA,
SSE,Ketchikan,101-45-038,Salt Chuck-George Inlet,Mountain Point to Carroll Point,101-45-10380,55.53840757,-131.4536391,NA,
SSE,Ketchikan,101-45-032,Leask Creek,Mountain Point to Carroll Point,101-45-10320,55.50886712,-131.5165969,NA,
SSE,Ketchikan,101-45-024,White River,Mountain Point to Carroll Point,101-45-10240,55.4741339,-131.5363569,NA,
SSE,Ketchikan,101-45-007,Herring Cove,Mountain Point to Carroll Point,101-45-10070,55.32629977,-131.5245044,NA,
SSE,Ketchikan,101-43-033,Fish Creek-Thorne Arm,Thorne Arm,101-43-10330,55.39126987,-131.1968475,NA,
SSE,Ketchikan,101-43-029,Pop Creek,Thorne Arm,101-43-10290,55.40877818,-131.2365815,NA,
SSE,Ketchikan,101-41-025,Lucky Cove,Alva to Sykes,101-41-10250,55.21223495,-131.2604991,NA,
SSE,Ketchikan,101-30-095,Vixen Bay Head,Boca De Quadra,101-30-10950,55.0332,-130.7842,NA,
SSE,Ketchikan,101-30-089,Mink Creek,Boca De Quadra,101-30-10890,55.01825011,-130.6879241,NA,
SSE,Ketchikan,101-30-083,Humpback Creek,Boca De Quadra,101-30-10830,55.0321619,-130.6858007,NA,
SSE,Ketchikan,101-30-060,Marten River,Boca De Quadra,101-30-10600,55.197016,-130.457229,X,X
SSE,Ketchikan,101-30-030,Keta River,Boca De Quadra,101-30-10300,55.33601594,-130.4757393,NA,
SSE,Ketchikan,101-30-012,Badger Bay Head,Boca De Quadra,101-30-10120,55.19715102,-130.8211457,NA,
SSE,Ketchikan,101-30-009,Weasel Cove Head,Boca De Quadra,101-30-10090,55.16059113,-130.8345526,NA,
SSE,Ketchikan,101-30-005,Quadra Creek,Boca De Quadra,101-30-10050,55.11291501,-130.886102,NA,
SSE,Ketchikan,101-29-011,Grant Creek-Gravina,Gravina Shore,101-29-10110,55.35065536,-131.853009,X,
SSE,Ketchikan,101-29-006,Vallenar Creek,Gravina Shore,101-29-10060,55.37635868,-131.8329173,X,
SSE,Ketchikan,101-27-036,Bostwick Creek,Nichols Passage,101-27-10360,55.26448451,-131.7686209,NA,
SSE,Ketchikan,101-27-026,Bostwick Bay SW Side,Nichols Passage,101-27-10260,55.21537372,-131.7470303,NA,
SSE,Ketchikan,101-27-019,Dall Head Creek,Nichols Passage,101-27-10190,55.16375527,-131.7422864,NA,
SSE,Ketchikan,101-23-034,Very Inlet 1,Outside Boca De Quadra,101-23-10340,54.93499358,-130.8900785,NA,
SSE,Ketchikan,101-23-032,Very Inlet 2,Outside Boca De Quadra,101-23-10320,54.95270081,-130.8819903,NA,
SSE,Ketchikan,101-23-027,Very Inlet SE Head,Outside Boca De Quadra,101-23-10270,54.96895353,-130.8691462,NA,
SSE,Ketchikan,101-23-023,Very Inlet E Head,Outside Boca De Quadra,101-23-10190,54.99730647,-130.8857186,X,
SSE,Ketchikan,101-23-019,Very Inlet N Head,Outside Boca De Quadra,101-23-10180,55.00750146,-130.9050803,X,
SSE,Ketchikan,101-15-085,Fish Creek-Portland Canal,Portland Canal,101-15-10500-2028,55.93555454,-130.042258,NA,
SSE,Ketchikan,101-15-019,Tombstone River,Portland Canal,101-15-10190,55.40251186,-130.0543784,NA,
SSE,Ketchikan,101-15-011,Star Creek,Portland Canal,101-15-10110,55.23547388,-130.1015372,NA,
SSE,Ketchikan,101-15-008,Sandfly Creek,Portland Canal,101-15-10080,55.16248888,-130.1512977,NA,
SSE,Ketchikan,101-11-101,Hidden Inlet,Revilla Channel to Pearse Canal,101-11-11010,55.02065867,-130.3191298,X,X
SSE,Ketchikan,101-11-100,Swift Creek,Revilla Channel to Pearse Canal,101-11-11005,55.01157277,-130.3484416,NA,
SSE,Ketchikan,101-11-079,Fillmore Creek,Revilla Channel to Pearse Canal,101-11-10790,54.94537322,-130.4737136,NA,
SSE,Ketchikan,101-11-078,Fillmore Inlet NW Hd,Revilla Channel to Pearse Canal,101-11-10780,54.91887415,-130.4759041,NA,
SSE,Ketchikan,101-11-065,Willard Creek,Revilla Channel to Pearse Canal,101-11-10650,54.96967709,-130.6058669,NA,
SSE,Ketchikan,101-11-014,Harry Bay,Revilla Channel to Pearse Canal,101-11-10140,54.8442,-130.8038,NA,