Stream_within_40km,s_yrs,x
1st E Schooner Island,2008,56.75489163
1st S of Twin Point,2008,14.90003775
1st W Admiralty Creek,2008,23.82871034
2nd W Joyce Creek,2008,5.494646553
2nd W of West Point,2008,0
3rd S of Twin Point,2008,14.90003775
Admiralty Creek,2008,34.8884024
Aiken Cove,2008,19.54055457
Anita Bay Head W,2008,14.01509128
Barlow Cove W Shore,2008,50.36613915
Barlow Head Creek,2008,50.36613915
Bear Creek-Stephens Pas,2008,36.44700181
Beardslee River,2008,50.36613915
Bergmann Creek,2008,56.75489163
Berners River,2008,50.36613915
Bostwick Bay SW Side,2008,4.841676998
Bostwick Creek,2008,4.841676998
Brad Creek NW Anita Bay,2008,14.01509128
Cabin Creek-Admiralty Island,2008,23.82871034
Camp Coogan,2008,52.86882305
Cathedral Falls Creek,2008,56.75489163
Chaik Bay Creek,2008,88.62981472
Chapin Bay Head,2008,56.75489163
Chilkat River,2008,1.902025817
Chum Creek S Etolin Mid,2008,0
Chum Creek-Coffman,2008,0
Clear River Kelp Bay,2008,88.62981472
Coffman Creek,2008,0
Cowee Creek-Berners Bay,2008,50.36613915
Curtiss Creek,2008,139.617808
Dale Creek-Francis Anch,2008,0
Dall Head Creek,2008,24.38223156
Deanna Creek,2008,67.81928691
Deep Cove NW Head,2008,5.494646553
Dog Salmon NE Etolin,2008,14.01509128
Dry Bay Creek,2008,0
Eagle Creek-Luck Lake,2008,0
Eliza Harbor West Side,2008,56.75489163
Eliza Lake Creek,2008,56.75489163
Endicott River,2008,13.91913734
Farragut Bay N Arm,2008,0
Farragut River,2008,0
Fish Creek,2008,36.44700181
Fisherman Chuck,2008,14.01509128
Fivemile Creek Sukoi Island,2008,0
Flat Creek-Mosman Inlet,2008,0
Fowler Creek-Young Bay,2008,23.82871034
Gedney Harbor S Head,2008,5.494646553
Gilbert Creek,2008,14.90003775
Gods Pocket North,2008,5.494646553
Gods Pocket West,2008,5.494646553
Granite Creek,2008,67.81928691
Grant Creek-Gravina,2008,4.841676998
Hamilton River,2008,56.75489163
Hanus Bay,2008,43.73797598
Harry Bay,2008,17.0495449
Heckman Creek,2008,67.81928691
Heckman Point North,2008,67.81928691
Herman Creek,2008,1.902025817
Herring Bay East,2008,56.75489163
Herring Bay Middle,2008,56.75489163
Herring Cove,2008,4.841676998
Hilda Creek,2008,49.78844015
Howard Bay NW Side,2008,36.44700181
Howard Bay W Side,2008,36.44700181
Jenny Creek,2008,56.75489163
Johnson Cove Creek,2008,19.54055457
Joyce Creek Malmesbury,2008,5.494646553
Kadake Creek,2008,56.75489163
Katlian Bay S Fork,2008,52.86882305
Katlian River,2008,52.86882305
Kegan Cove,2008,19.54055457
Kelp Bay Middle Arm Head,2008,88.62981472
Kelp Bay Portage Arm,2008,88.62981472
Ketchikan Creek,2008,4.841676998
King George Creek,2008,14.01509128
Kizhuchia Creek,2008,52.86882305
Kudays Creek S Etolin,2008,0
Limestone Creek,2008,38.72874809
Limit Creek,2008,45.59831554
Little Pybus Bay Creek,2008,5.766898314
Little Ratz Creek,2008,0
Liza Creek-Nakwasina Sound,2008,52.86882305
Lookout Point Creek,2008,56.75489163
Loring Creek,2008,67.81928691
Lovers Cove Creek,2008,5.494646553
Lucky Cove,2008,4.841676998
Margaret Creek,2008,67.81928691
Margarita Creek,2008,67.81928691
Marine Cove,2008,1.059415599
McHenry Anchorage Creek,2008,0
Middle Point Creek,2008,60.27571214
Miller Lake Creek,2008,19.54055457
Moser Bay,2008,67.81928691
Mosman Creek E Head,2008,0
Mosman Inlet NW Head,2008,0
Mosman Inlet SE Head,2008,0
N of Pt. Glass Penn,2008,14.90003775
Naha River,2008,67.81928691
Nakwasina River,2008,52.86882305
Narrows Creek,2008,43.73797598
Navy Creek,2008,0
Neal Creek,2008,5.494646553
Noson Creek,2008,52.86882305
P Malmesbury Lake Ck,2008,5.494646553
P Malmesbury S Arm E,2008,5.494646553
P Malmesbury S Arm S,2008,5.494646553
Patterson Bay Head,2008,5.494646553
Perkins Creek,2008,19.54055457
Petersburg Creek,2008,0
Piledriver Cove NW Kuiu,2008,50.98799332
Point Howard Creek,2008,36.44700181
Point White Creek,2008,56.75489163
Porcupine Creek,2008,0
Portage Bay Head,2008,0
Prospect Creek,2008,14.90003775
Ralphs Creek,2008,88.62981472
Ratz Harbor Creek,2008,0
Robinson Creek,2008,50.36613915
S Etolin Island East,2008,0
S of Midway Point,2008,14.90003775
S of Pt. Glass Penn,2008,14.90003775
S of St. James Point,2008,50.36613915
Saginaw Bay S Head,2008,56.75489163
Saginaw Creek,2008,56.75489163
Sal Creek,2008,0
Salmon Lake Stream,2008,52.86882305
Salt Chuck-Security Bay,2008,50.98799332
Sashin Creek,2008,5.494646553
Sawmill Creek,2008,50.36613915
Schooner Island,2008,56.75489163
Sea Lion Cove,2008,67.81928691
Security Bay Creek,2008,56.75489163
Security Bay S Mid,2008,56.75489163
Security Bay S Side,2008,56.75489163
Slocum Creek,2008,49.78844015
Snake Creek Olive Cove,2008,14.01509128
Spacious Bay R Head,2008,67.81928691
Spit Creek,2008,4.841676998
St. James Bay NW Side,2008,50.36613915
St. James Creek,2008,50.36613915
St. John Baptist Head,2008,1.059415599
Stewart Creek,2008,67.81928691
Streets Creek-Rocky Bay,2008,0
Sukoi Inlet W Side,2008,1.059415599
Sullivan Creek,2008,13.91913734
Surprise Harbor East,2008,139.617808
SW of Pinta Rocks,2008,56.75489163
Sweetheart Creek,2008,14.90003775
Tavin Creek,2008,5.494646553
Thoms Creek,2008,14.01509128
Traitors Cove Creek,2008,67.81928691
Trout Creek-McHenry Inlet,2008,0
Turner Creek,2008,38.72874809
Twelvemile Creek Fred S,2008,0
Twin Point Creek,2008,14.90003775
Tyee Head East,2008,139.617808
Vallenar Creek,2008,4.841676998
W Crawfish N Arm NE,2008,0
W Crawfish NE Arm Hd,2008,0
Wasta Creek,2008,67.81928691
West Cabin Creek,2008,23.82871034
Whitewater Creek,2008,88.62981472
Whitewater S Arm Head,2008,88.62981472
Willie's Creek,2008,50.36613915
Wilson Cove SE,2008,88.62981472
Wilson River,2008,88.62981472
Woewodski Harbor,2008,56.75489163
Wolf Creek,2008,67.81928691
1st E Schooner Island,2009,28.07055258
1st S of Twin Point,2009,14.48591538
1st W Admiralty Creek,2009,23.78404646
2nd W Joyce Creek,2009,3.246165982
2nd W of West Point,2009,0
3rd S of Twin Point,2009,14.48591538
Admiralty Creek,2009,35.09338018
Aiken Cove,2009,20.47393663
Anita Bay Head W,2009,19.29010857
Barlow Cove W Shore,2009,49.59574097
Barlow Head Creek,2009,49.59574097
Bear Creek-Stephens Pas,2009,35.91128302
Beardslee River,2009,49.59574097
Bergmann Creek,2009,28.07055258
Berners River,2009,49.59574097
Bostwick Bay SW Side,2009,6.484336385
Bostwick Creek,2009,6.484336385
Brad Creek NW Anita Bay,2009,19.29010857
Cabin Creek-Admiralty Island,2009,23.78404646
Camp Coogan,2009,58.28560067
Cathedral Falls Creek,2009,28.07055258
Chaik Bay Creek,2009,87.18846209
Chapin Bay Head,2009,28.07055258
Chilkat River,2009,2.07096911
Chum Creek S Etolin Mid,2009,0
Chum Creek-Coffman,2009,0
Clear River Kelp Bay,2009,87.18846209
Coffman Creek,2009,0
Cowee Creek-Berners Bay,2009,49.59574097
Curtiss Creek,2009,108.1127456
Dale Creek-Francis Anch,2009,0
Dall Head Creek,2009,26.95827302
Deanna Creek,2009,63.89238174
Deep Cove NW Head,2009,3.246165982
Dog Salmon NE Etolin,2009,19.29010857
Dry Bay Creek,2009,0
Eagle Creek-Luck Lake,2009,0
Eliza Harbor West Side,2009,28.07055258
Eliza Lake Creek,2009,28.07055258
Endicott River,2009,13.68445795
Farragut Bay N Arm,2009,0
Farragut River,2009,0
Fish Creek,2009,35.91128302
Fisherman Chuck,2009,19.29010857
Fivemile Creek Sukoi Island,2009,0
Flat Creek-Mosman Inlet,2009,0
Fowler Creek-Young Bay,2009,23.78404646
Gedney Harbor S Head,2009,3.246165982
Gilbert Creek,2009,14.48591538
Gods Pocket North,2009,3.246165982
Gods Pocket West,2009,3.246165982
Granite Creek,2009,63.89238174
Grant Creek-Gravina,2009,6.484336385
Hamilton River,2009,28.07055258
Hanus Bay,2009,44.09832868
Harry Bay,2009,11.89640228
Heckman Creek,2009,63.89238174
Heckman Point North,2009,63.89238174
Herman Creek,2009,2.07096911
Herring Bay East,2009,28.07055258
Herring Bay Middle,2009,28.07055258
Herring Cove,2009,6.484336385
Hilda Creek,2009,49.57929557
Howard Bay NW Side,2009,35.91128302
Howard Bay W Side,2009,35.91128302
Jenny Creek,2009,28.07055258
Johnson Cove Creek,2009,20.47393663
Joyce Creek Malmesbury,2009,3.246165982
Kadake Creek,2009,28.07055258
Katlian Bay S Fork,2009,58.28560067
Katlian River,2009,58.28560067
Kegan Cove,2009,20.47393663
Kelp Bay Middle Arm Head,2009,87.18846209
Kelp Bay Portage Arm,2009,87.18846209
Ketchikan Creek,2009,6.484336385
King George Creek,2009,19.29010857
Kizhuchia Creek,2009,58.28560067
Kudays Creek S Etolin,2009,0
Limestone Creek,2009,38.26996184
Limit Creek,2009,49.77038013
Little Pybus Bay Creek,2009,7.146269112
Little Ratz Creek,2009,0
Liza Creek-Nakwasina Sound,2009,58.28560067
Lookout Point Creek,2009,28.07055258
Loring Creek,2009,63.89238174
Lovers Cove Creek,2009,3.246165982
Lucky Cove,2009,6.484336385
Margaret Creek,2009,63.89238174
Margarita Creek,2009,63.89238174
Marine Cove,2009,1.072732499
McHenry Anchorage Creek,2009,0
Middle Point Creek,2009,59.69532948
Miller Lake Creek,2009,20.47393663
Moser Bay,2009,63.89238174
Mosman Creek E Head,2009,0
Mosman Inlet NW Head,2009,0
Mosman Inlet SE Head,2009,0
N of Pt. Glass Penn,2009,14.48591538
Naha River,2009,63.89238174
Nakwasina River,2009,58.28560067
Narrows Creek,2009,44.09832868
Navy Creek,2009,0
Neal Creek,2009,3.246165982
Noson Creek,2009,58.28560067
P Malmesbury Lake Ck,2009,3.246165982
P Malmesbury S Arm E,2009,3.246165982
P Malmesbury S Arm S,2009,3.246165982
Patterson Bay Head,2009,3.246165982
Perkins Creek,2009,20.47393663
Petersburg Creek,2009,0
Piledriver Cove NW Kuiu,2009,20.92428346
Point Howard Creek,2009,35.91128302
Point White Creek,2009,28.07055258
Porcupine Creek,2009,0
Portage Bay Head,2009,0
Prospect Creek,2009,14.48591538
Ralphs Creek,2009,87.18846209
Ratz Harbor Creek,2009,0
Robinson Creek,2009,49.59574097
S Etolin Island East,2009,0
S of Midway Point,2009,14.48591538
S of Pt. Glass Penn,2009,14.48591538
S of St. James Point,2009,49.59574097
Saginaw Bay S Head,2009,28.07055258
Saginaw Creek,2009,28.07055258
Sal Creek,2009,0
Salmon Lake Stream,2009,58.28560067
Salt Chuck-Security Bay,2009,20.92428346
Sashin Creek,2009,3.246165982
Sawmill Creek,2009,49.59574097
Schooner Island,2009,28.07055258
Sea Lion Cove,2009,63.89238174
Security Bay Creek,2009,28.07055258
Security Bay S Mid,2009,28.07055258
Security Bay S Side,2009,28.07055258
Slocum Creek,2009,49.57929557
Snake Creek Olive Cove,2009,19.29010857
Spacious Bay R Head,2009,63.89238174
Spit Creek,2009,6.484336385
St. James Bay NW Side,2009,49.59574097
St. James Creek,2009,49.59574097
St. John Baptist Head,2009,1.072732499
Stewart Creek,2009,63.89238174
Streets Creek-Rocky Bay,2009,0
Sukoi Inlet W Side,2009,1.072732499
Sullivan Creek,2009,13.68445795
Surprise Harbor East,2009,108.1127456
SW of Pinta Rocks,2009,28.07055258
Sweetheart Creek,2009,14.48591538
Tavin Creek,2009,3.246165982
Thoms Creek,2009,19.29010857
Traitors Cove Creek,2009,63.89238174
Trout Creek-McHenry Inlet,2009,0
Turner Creek,2009,38.26996184
Twelvemile Creek Fred S,2009,0
Twin Point Creek,2009,14.48591538
Tyee Head East,2009,108.1127456
Vallenar Creek,2009,6.484336385
W Crawfish N Arm NE,2009,0
W Crawfish NE Arm Hd,2009,0
Wasta Creek,2009,63.89238174
West Cabin Creek,2009,23.78404646
Whitewater Creek,2009,87.18846209
Whitewater S Arm Head,2009,87.18846209
Willie's Creek,2009,49.59574097
Wilson Cove SE,2009,87.18846209
Wilson River,2009,87.18846209
Woewodski Harbor,2009,28.07055258
Wolf Creek,2009,63.89238174
1st E Schooner Island,2010,24.14263069
1st S of Twin Point,2010,14.81132775
1st W Admiralty Creek,2010,24.31186653
2nd W Joyce Creek,2010,12.56579735
2nd W of West Point,2010,0
3rd S of Twin Point,2010,14.81132775
Admiralty Creek,2010,36.01955994
Aiken Cove,2010,21.30879486
Anita Bay Head W,2010,21.11711325
Barlow Cove W Shore,2010,57.75776174
Barlow Head Creek,2010,57.75776174
Bear Creek-Stephens Pas,2010,43.2900381
Beardslee River,2010,57.75776174
Bergmann Creek,2010,24.14263069
Berners River,2010,57.75776174
Bostwick Bay SW Side,2010,6.5233214
Bostwick Creek,2010,6.5233214
Brad Creek NW Anita Bay,2010,21.11711325
Cabin Creek-Admiralty Island,2010,24.31186653
Camp Coogan,2010,62.24414016
Cathedral Falls Creek,2010,24.14263069
Chaik Bay Creek,2010,87.42006279
Chapin Bay Head,2010,24.14263069
Chilkat River,2010,1.824169719
Chum Creek S Etolin Mid,2010,0
Chum Creek-Coffman,2010,0
Clear River Kelp Bay,2010,87.42006279
Coffman Creek,2010,0
Cowee Creek-Berners Bay,2010,57.75776174
Curtiss Creek,2010,101.1613437
Dale Creek-Francis Anch,2010,0
Dall Head Creek,2010,27.83211626
Deanna Creek,2010,67.10918734
Deep Cove NW Head,2010,12.56579735
Dog Salmon NE Etolin,2010,21.11711325
Dry Bay Creek,2010,0
Eagle Creek-Luck Lake,2010,0
Eliza Harbor West Side,2010,24.14263069
Eliza Lake Creek,2010,24.14263069
Endicott River,2010,14.46772364
Farragut Bay N Arm,2010,0
Farragut River,2010,0
Fish Creek,2010,43.2900381
Fisherman Chuck,2010,21.11711325
Fivemile Creek Sukoi Island,2010,0
Flat Creek-Mosman Inlet,2010,0
Fowler Creek-Young Bay,2010,24.31186653
Gedney Harbor S Head,2010,12.56579735
Gilbert Creek,2010,14.81132775
Gods Pocket North,2010,12.56579735
Gods Pocket West,2010,12.56579735
Granite Creek,2010,67.10918734
Grant Creek-Gravina,2010,6.5233214
Hamilton River,2010,24.14263069
Hanus Bay,2010,43.94794984
Harry Bay,2010,12.62498158
Heckman Creek,2010,67.10918734
Heckman Point North,2010,67.10918734
Herman Creek,2010,1.824169719
Herring Bay East,2010,24.14263069
Herring Bay Middle,2010,24.14263069
Herring Cove,2010,6.5233214
Hilda Creek,2010,50.8308877
Howard Bay NW Side,2010,43.2900381
Howard Bay W Side,2010,43.2900381
Jenny Creek,2010,24.14263069
Johnson Cove Creek,2010,21.30879486
Joyce Creek Malmesbury,2010,12.56579735
Kadake Creek,2010,24.14263069
Katlian Bay S Fork,2010,62.24414016
Katlian River,2010,62.24414016
Kegan Cove,2010,21.30879486
Kelp Bay Middle Arm Head,2010,87.42006279
Kelp Bay Portage Arm,2010,87.42006279
Ketchikan Creek,2010,6.5233214
King George Creek,2010,21.11711325
Kizhuchia Creek,2010,62.24414016
Kudays Creek S Etolin,2010,0
Limestone Creek,2010,39.12319429
Limit Creek,2010,52.79383914
Little Pybus Bay Creek,2010,10.40134983
Little Ratz Creek,2010,0
Liza Creek-Nakwasina Sound,2010,62.24414016
Lookout Point Creek,2010,24.14263069
Loring Creek,2010,67.10918734
Lovers Cove Creek,2010,12.56579735
Lucky Cove,2010,6.5233214
Margaret Creek,2010,67.10918734
Margarita Creek,2010,67.10918734
Marine Cove,2010,1.079036422
McHenry Anchorage Creek,2010,0
Middle Point Creek,2010,67.60190463
Miller Lake Creek,2010,21.30879486
Moser Bay,2010,67.10918734
Mosman Creek E Head,2010,0
Mosman Inlet NW Head,2010,0
Mosman Inlet SE Head,2010,0
N of Pt. Glass Penn,2010,14.81132775
Naha River,2010,67.10918734
Nakwasina River,2010,62.24414016
Narrows Creek,2010,43.94794984
Navy Creek,2010,0
Neal Creek,2010,12.56579735
Noson Creek,2010,62.24414016
P Malmesbury Lake Ck,2010,12.56579735
P Malmesbury S Arm E,2010,12.56579735
P Malmesbury S Arm S,2010,12.56579735
Patterson Bay Head,2010,12.56579735
Perkins Creek,2010,21.30879486
Petersburg Creek,2010,0
Piledriver Cove NW Kuiu,2010,13.74128086
Point Howard Creek,2010,43.2900381
Point White Creek,2010,24.14263069
Porcupine Creek,2010,0
Portage Bay Head,2010,0
Prospect Creek,2010,14.81132775
Ralphs Creek,2010,87.42006279
Ratz Harbor Creek,2010,0
Robinson Creek,2010,57.75776174
S Etolin Island East,2010,0
S of Midway Point,2010,14.81132775
S of Pt. Glass Penn,2010,14.81132775
S of St. James Point,2010,57.75776174
Saginaw Bay S Head,2010,24.14263069
Saginaw Creek,2010,24.14263069
Sal Creek,2010,0
Salmon Lake Stream,2010,62.24414016
Salt Chuck-Security Bay,2010,13.74128086
Sashin Creek,2010,12.56579735
Sawmill Creek,2010,57.75776174
Schooner Island,2010,24.14263069
Sea Lion Cove,2010,67.10918734
Security Bay Creek,2010,24.14263069
Security Bay S Mid,2010,24.14263069
Security Bay S Side,2010,24.14263069
Slocum Creek,2010,50.8308877
Snake Creek Olive Cove,2010,21.11711325
Spacious Bay R Head,2010,67.10918734
Spit Creek,2010,6.5233214
St. James Bay NW Side,2010,57.75776174
St. James Creek,2010,57.75776174
St. John Baptist Head,2010,1.079036422
Stewart Creek,2010,67.10918734
Streets Creek-Rocky Bay,2010,0
Sukoi Inlet W Side,2010,1.079036422
Sullivan Creek,2010,14.46772364
Surprise Harbor East,2010,101.1613437
SW of Pinta Rocks,2010,24.14263069
Sweetheart Creek,2010,14.81132775
Tavin Creek,2010,12.56579735
Thoms Creek,2010,21.11711325
Traitors Cove Creek,2010,67.10918734
Trout Creek-McHenry Inlet,2010,0
Turner Creek,2010,39.12319429
Twelvemile Creek Fred S,2010,0
Twin Point Creek,2010,14.81132775
Tyee Head East,2010,101.1613437
Vallenar Creek,2010,6.5233214
W Crawfish N Arm NE,2010,0
W Crawfish NE Arm Hd,2010,0
Wasta Creek,2010,67.10918734
West Cabin Creek,2010,24.31186653
Whitewater Creek,2010,87.42006279
Whitewater S Arm Head,2010,87.42006279
Willie's Creek,2010,57.75776174
Wilson Cove SE,2010,87.42006279
Wilson River,2010,87.42006279
Woewodski Harbor,2010,24.14263069
Wolf Creek,2010,67.10918734
1st E Schooner Island,2011,23.27746908
1st S of Twin Point,2011,15.09267179
1st W Admiralty Creek,2011,24.48214302
2nd W Joyce Creek,2011,15.01388519
2nd W of West Point,2011,0
3rd S of Twin Point,2011,15.09267179
Admiralty Creek,2011,35.76510295
Aiken Cove,2011,20.88898476
Anita Bay Head W,2011,19.88849283
Barlow Cove W Shore,2011,61.01596966
Barlow Head Creek,2011,61.01596966
Bear Creek-Stephens Pas,2011,46.25081657
Beardslee River,2011,61.01596966
Bergmann Creek,2011,23.27746908
Berners River,2011,61.01596966
Bostwick Bay SW Side,2011,6.74905536
Bostwick Creek,2011,6.74905536
Brad Creek NW Anita Bay,2011,19.88849283
Cabin Creek-Admiralty Island,2011,24.48214302
Camp Coogan,2011,61.79879542
Cathedral Falls Creek,2011,23.27746908
Chaik Bay Creek,2011,85.7068926
Chapin Bay Head,2011,23.27746908
Chilkat River,2011,1.724840515
Chum Creek S Etolin Mid,2011,0
Chum Creek-Coffman,2011,0
Clear River Kelp Bay,2011,85.7068926
Coffman Creek,2011,0
Cowee Creek-Berners Bay,2011,61.01596966
Curtiss Creek,2011,99.38176581
Dale Creek-Francis Anch,2011,0
Dall Head Creek,2011,27.63804012
Deanna Creek,2011,65.15134211
Deep Cove NW Head,2011,15.01388519
Dog Salmon NE Etolin,2011,19.88849283
Dry Bay Creek,2011,0
Eagle Creek-Luck Lake,2011,0
Eliza Harbor West Side,2011,23.27746908
Eliza Lake Creek,2011,23.27746908
Endicott River,2011,14.76515309
Farragut Bay N Arm,2011,0
Farragut River,2011,0
Fish Creek,2011,46.25081657
Fisherman Chuck,2011,19.88849283
Fivemile Creek Sukoi Island,2011,0
Flat Creek-Mosman Inlet,2011,0
Fowler Creek-Young Bay,2011,24.48214302
Gedney Harbor S Head,2011,15.01388519
Gilbert Creek,2011,15.09267179
Gods Pocket North,2011,15.01388519
Gods Pocket West,2011,15.01388519
Granite Creek,2011,65.15134211
Grant Creek-Gravina,2011,6.74905536
Hamilton River,2011,23.27746908
Hanus Bay,2011,42.42834915
Harry Bay,2011,15.56495285
Heckman Creek,2011,65.15134211
Heckman Point North,2011,65.15134211
Herman Creek,2011,1.724840515
Herring Bay East,2011,23.27746908
Herring Bay Middle,2011,23.27746908
Herring Cove,2011,6.74905536
Hilda Creek,2011,50.85777474
Howard Bay NW Side,2011,46.25081657
Howard Bay W Side,2011,46.25081657
Jenny Creek,2011,23.27746908
Johnson Cove Creek,2011,20.88898476
Joyce Creek Malmesbury,2011,15.01388519
Kadake Creek,2011,23.27746908
Katlian Bay S Fork,2011,61.79879542
Katlian River,2011,61.79879542
Kegan Cove,2011,20.88898476
Kelp Bay Middle Arm Head,2011,85.7068926
Kelp Bay Portage Arm,2011,85.7068926
Ketchikan Creek,2011,6.74905536
King George Creek,2011,19.88849283
Kizhuchia Creek,2011,61.79879542
Kudays Creek S Etolin,2011,0
Limestone Creek,2011,39.57481481
Limit Creek,2011,52.44492628
Little Pybus Bay Creek,2011,9.602595866
Little Ratz Creek,2011,0
Liza Creek-Nakwasina Sound,2011,61.79879542
Lookout Point Creek,2011,23.27746908
Loring Creek,2011,65.15134211
Lovers Cove Creek,2011,15.01388519
Lucky Cove,2011,6.74905536
Margaret Creek,2011,65.15134211
Margarita Creek,2011,65.15134211
Marine Cove,2011,0.999273239
McHenry Anchorage Creek,2011,0
Middle Point Creek,2011,70.73295959
Miller Lake Creek,2011,20.88898476
Moser Bay,2011,65.15134211
Mosman Creek E Head,2011,0
Mosman Inlet NW Head,2011,0
Mosman Inlet SE Head,2011,0
N of Pt. Glass Penn,2011,15.09267179
Naha River,2011,65.15134211
Nakwasina River,2011,61.79879542
Narrows Creek,2011,42.42834915
Navy Creek,2011,0
Neal Creek,2011,15.01388519
Noson Creek,2011,61.79879542
P Malmesbury Lake Ck,2011,15.01388519
P Malmesbury S Arm E,2011,15.01388519
P Malmesbury S Arm S,2011,15.01388519
Patterson Bay Head,2011,15.01388519
Perkins Creek,2011,20.88898476
Petersburg Creek,2011,0
Piledriver Cove NW Kuiu,2011,13.67487321
Point Howard Creek,2011,46.25081657
Point White Creek,2011,23.27746908
Porcupine Creek,2011,0
Portage Bay Head,2011,0
Prospect Creek,2011,15.09267179
Ralphs Creek,2011,85.7068926
Ratz Harbor Creek,2011,0
Robinson Creek,2011,61.01596966
S Etolin Island East,2011,0
S of Midway Point,2011,15.09267179
S of Pt. Glass Penn,2011,15.09267179
S of St. James Point,2011,61.01596966
Saginaw Bay S Head,2011,23.27746908
Saginaw Creek,2011,23.27746908
Sal Creek,2011,0
Salmon Lake Stream,2011,61.79879542
Salt Chuck-Security Bay,2011,13.67487321
Sashin Creek,2011,15.01388519
Sawmill Creek,2011,61.01596966
Schooner Island,2011,23.27746908
Sea Lion Cove,2011,65.15134211
Security Bay Creek,2011,23.27746908
Security Bay S Mid,2011,23.27746908
Security Bay S Side,2011,23.27746908
Slocum Creek,2011,50.85777474
Snake Creek Olive Cove,2011,19.88849283
Spacious Bay R Head,2011,65.15134211
Spit Creek,2011,6.74905536
St. James Bay NW Side,2011,61.01596966
St. James Creek,2011,61.01596966
St. John Baptist Head,2011,0.999273239
Stewart Creek,2011,65.15134211
Streets Creek-Rocky Bay,2011,0
Sukoi Inlet W Side,2011,0.999273239
Sullivan Creek,2011,14.76515309
Surprise Harbor East,2011,99.38176581
SW of Pinta Rocks,2011,23.27746908
Sweetheart Creek,2011,15.09267179
Tavin Creek,2011,15.01388519
Thoms Creek,2011,19.88849283
Traitors Cove Creek,2011,65.15134211
Trout Creek-McHenry Inlet,2011,0
Turner Creek,2011,39.57481481
Twelvemile Creek Fred S,2011,0
Twin Point Creek,2011,15.09267179
Tyee Head East,2011,99.38176581
Vallenar Creek,2011,6.74905536
W Crawfish N Arm NE,2011,0
W Crawfish NE Arm Hd,2011,0
Wasta Creek,2011,65.15134211
West Cabin Creek,2011,24.48214302
Whitewater Creek,2011,85.7068926
Whitewater S Arm Head,2011,85.7068926
Willie's Creek,2011,61.01596966
Wilson Cove SE,2011,85.7068926
Wilson River,2011,85.7068926
Woewodski Harbor,2011,23.27746908
Wolf Creek,2011,65.15134211
1st E Schooner Island,2013,35.90939635
1st S of Twin Point,2013,14.44504921
1st W Admiralty Creek,2013,18.54437981
2nd W Joyce Creek,2013,22.13994427
2nd W of West Point,2013,0
3rd S of Twin Point,2013,14.44504921
Admiralty Creek,2013,27.83319815
Aiken Cove,2013,21.14441896
Anita Bay Head W,2013,23.40988645
Barlow Cove W Shore,2013,57.81027994
Barlow Head Creek,2013,57.81027994
Bear Creek-Stephens Pas,2013,44.05789104
Beardslee River,2013,57.81027994
Bergmann Creek,2013,35.90939635
Berners River,2013,57.81027994
Bostwick Bay SW Side,2013,7.689823427
Bostwick Creek,2013,7.689823427
Brad Creek NW Anita Bay,2013,23.40988645
Cabin Creek-Admiralty Island,2013,18.54437981
Camp Coogan,2013,58.87930301
Cathedral Falls Creek,2013,35.90939635
Chaik Bay Creek,2013,79.99790085
Chapin Bay Head,2013,35.90939635
Chilkat River,2013,2.521683969
Chum Creek S Etolin Mid,2013,0
Chum Creek-Coffman,2013,0
Clear River Kelp Bay,2013,79.99790085
Coffman Creek,2013,0
Cowee Creek-Berners Bay,2013,57.81027994
Curtiss Creek,2013,108.9870058
Dale Creek-Francis Anch,2013,0
Dall Head Creek,2013,28.83424238
Deanna Creek,2013,68.75128348
Deep Cove NW Head,2013,22.13994427
Dog Salmon NE Etolin,2013,23.40988645
Dry Bay Creek,2013,0
Eagle Creek-Luck Lake,2013,0
Eliza Harbor West Side,2013,35.90939635
Eliza Lake Creek,2013,35.90939635
Endicott River,2013,13.7523889
Farragut Bay N Arm,2013,0
Farragut River,2013,0
Fish Creek,2013,44.05789104
Fisherman Chuck,2013,23.40988645
Fivemile Creek Sukoi Island,2013,0
Flat Creek-Mosman Inlet,2013,0
Fowler Creek-Young Bay,2013,18.54437981
Gedney Harbor S Head,2013,22.13994427
Gilbert Creek,2013,14.44504921
Gods Pocket North,2013,22.13994427
Gods Pocket West,2013,22.13994427
Granite Creek,2013,68.75128348
Grant Creek-Gravina,2013,7.689823427
Hamilton River,2013,35.90939635
Hanus Bay,2013,40.5288527
Harry Bay,2013,16.79741647
Heckman Creek,2013,68.75128348
Heckman Point North,2013,68.75128348
Herman Creek,2013,2.521683969
Herring Bay East,2013,35.90939635
Herring Bay Middle,2013,35.90939635
Herring Cove,2013,7.689823427
Hilda Creek,2013,42.27824736
Howard Bay NW Side,2013,44.05789104
Howard Bay W Side,2013,44.05789104
Jenny Creek,2013,35.90939635
Johnson Cove Creek,2013,21.14441896
Joyce Creek Malmesbury,2013,22.13994427
Kadake Creek,2013,35.90939635
Katlian Bay S Fork,2013,58.87930301
Katlian River,2013,58.87930301
Kegan Cove,2013,21.14441896
Kelp Bay Middle Arm Head,2013,79.99790085
Kelp Bay Portage Arm,2013,79.99790085
Ketchikan Creek,2013,7.689823427
King George Creek,2013,23.40988645
Kizhuchia Creek,2013,58.87930301
Kudays Creek S Etolin,2013,0
Limestone Creek,2013,32.98942902
Limit Creek,2013,49.02629648
Little Pybus Bay Creek,2013,6.920291363
Little Ratz Creek,2013,0
Liza Creek-Nakwasina Sound,2013,58.87930301
Lookout Point Creek,2013,35.90939635
Loring Creek,2013,68.75128348
Lovers Cove Creek,2013,22.13994427
Lucky Cove,2013,7.689823427
Margaret Creek,2013,68.75128348
Margarita Creek,2013,68.75128348
Marine Cove,2013,1.064671314
McHenry Anchorage Creek,2013,0
Middle Point Creek,2013,62.60227085
Miller Lake Creek,2013,21.14441896
Moser Bay,2013,68.75128348
Mosman Creek E Head,2013,0
Mosman Inlet NW Head,2013,0
Mosman Inlet SE Head,2013,0
N of Pt. Glass Penn,2013,14.44504921
Naha River,2013,68.75128348
Nakwasina River,2013,58.87930301
Narrows Creek,2013,40.5288527
Navy Creek,2013,0
Neal Creek,2013,22.13994427
Noson Creek,2013,58.87930301
P Malmesbury Lake Ck,2013,22.13994427
P Malmesbury S Arm E,2013,22.13994427
P Malmesbury S Arm S,2013,22.13994427
Patterson Bay Head,2013,22.13994427
Perkins Creek,2013,21.14441896
Petersburg Creek,2013,0
Piledriver Cove NW Kuiu,2013,28.98910499
Point Howard Creek,2013,44.05789104
Point White Creek,2013,35.90939635
Porcupine Creek,2013,0
Portage Bay Head,2013,0
Prospect Creek,2013,14.44504921
Ralphs Creek,2013,79.99790085
Ratz Harbor Creek,2013,0
Robinson Creek,2013,57.81027994
S Etolin Island East,2013,0
S of Midway Point,2013,14.44504921
S of Pt. Glass Penn,2013,14.44504921
S of St. James Point,2013,57.81027994
Saginaw Bay S Head,2013,35.90939635
Saginaw Creek,2013,35.90939635
Sal Creek,2013,0
Salmon Lake Stream,2013,58.87930301
Salt Chuck-Security Bay,2013,28.98910499
Sashin Creek,2013,22.13994427
Sawmill Creek,2013,57.81027994
Schooner Island,2013,35.90939635
Sea Lion Cove,2013,68.75128348
Security Bay Creek,2013,35.90939635
Security Bay S Mid,2013,35.90939635
Security Bay S Side,2013,35.90939635
Slocum Creek,2013,42.27824736
Snake Creek Olive Cove,2013,23.40988645
Spacious Bay R Head,2013,68.75128348
Spit Creek,2013,7.689823427
St. James Bay NW Side,2013,57.81027994
St. James Creek,2013,57.81027994
St. John Baptist Head,2013,1.064671314
Stewart Creek,2013,68.75128348
Streets Creek-Rocky Bay,2013,0
Sukoi Inlet W Side,2013,1.064671314
Sullivan Creek,2013,13.7523889
Surprise Harbor East,2013,108.9870058
SW of Pinta Rocks,2013,35.90939635
Sweetheart Creek,2013,14.44504921
Tavin Creek,2013,22.13994427
Thoms Creek,2013,23.40988645
Traitors Cove Creek,2013,68.75128348
Trout Creek-McHenry Inlet,2013,0
Turner Creek,2013,32.98942902
Twelvemile Creek Fred S,2013,0
Twin Point Creek,2013,14.44504921
Tyee Head East,2013,108.9870058
Vallenar Creek,2013,7.689823427
W Crawfish N Arm NE,2013,0
W Crawfish NE Arm Hd,2013,0
Wasta Creek,2013,68.75128348
West Cabin Creek,2013,18.54437981
Whitewater Creek,2013,79.99790085
Whitewater S Arm Head,2013,79.99790085
Willie's Creek,2013,57.81027994
Wilson Cove SE,2013,79.99790085
Wilson River,2013,79.99790085
Woewodski Harbor,2013,35.90939635
Wolf Creek,2013,68.75128348
1st E Schooner Island,2014,29.05776005
1st S of Twin Point,2014,13.84253615
1st W Admiralty Creek,2014,19.73612645
2nd W Joyce Creek,2014,27.96730617
2nd W of West Point,2014,0
3rd S of Twin Point,2014,13.84253615
Admiralty Creek,2014,29.41697469
Aiken Cove,2014,20.90905249
Anita Bay Head W,2014,23.1920518
Barlow Cove W Shore,2014,55.85050438
Barlow Head Creek,2014,55.85050438
Bear Creek-Stephens Pas,2014,43.7265018
Beardslee River,2014,55.85050438
Bergmann Creek,2014,29.05776005
Berners River,2014,55.85050438
Bostwick Bay SW Side,2014,5.9362497
Bostwick Creek,2014,5.9362497
Brad Creek NW Anita Bay,2014,23.1920518
Cabin Creek-Admiralty Island,2014,19.73612645
Camp Coogan,2014,61.81293827
Cathedral Falls Creek,2014,29.05776005
Chaik Bay Creek,2014,77.61569875
Chapin Bay Head,2014,29.05776005
Chilkat River,2014,3.165639082
Chum Creek S Etolin Mid,2014,0
Chum Creek-Coffman,2014,0
Clear River Kelp Bay,2014,77.61569875
Coffman Creek,2014,0
Cowee Creek-Berners Bay,2014,55.85050438
Curtiss Creek,2014,100.2694896
Dale Creek-Francis Anch,2014,0
Dall Head Creek,2014,26.84530219
Deanna Creek,2014,65.30784136
Deep Cove NW Head,2014,27.96730617
Dog Salmon NE Etolin,2014,23.1920518
Dry Bay Creek,2014,0
Eagle Creek-Luck Lake,2014,0
Eliza Harbor West Side,2014,29.05776005
Eliza Lake Creek,2014,29.05776005
Endicott River,2014,12.12400259
Farragut Bay N Arm,2014,0
Farragut River,2014,0
Fish Creek,2014,43.7265018
Fisherman Chuck,2014,23.1920518
Fivemile Creek Sukoi Island,2014,0
Flat Creek-Mosman Inlet,2014,0
Fowler Creek-Young Bay,2014,19.73612645
Gedney Harbor S Head,2014,27.96730617
Gilbert Creek,2014,13.84253615
Gods Pocket North,2014,27.96730617
Gods Pocket West,2014,27.96730617
Granite Creek,2014,65.30784136
Grant Creek-Gravina,2014,5.9362497
Hamilton River,2014,29.05776005
Hanus Bay,2014,38.57958158
Harry Bay,2014,11.72171093
Heckman Creek,2014,65.30784136
Heckman Point North,2014,65.30784136
Herman Creek,2014,3.165639082
Herring Bay East,2014,29.05776005
Herring Bay Middle,2014,29.05776005
Herring Cove,2014,5.9362497
Hilda Creek,2014,43.25951085
Howard Bay NW Side,2014,43.7265018
Howard Bay W Side,2014,43.7265018
Jenny Creek,2014,29.05776005
Johnson Cove Creek,2014,20.90905249
Joyce Creek Malmesbury,2014,27.96730617
Kadake Creek,2014,29.05776005
Katlian Bay S Fork,2014,61.81293827
Katlian River,2014,61.81293827
Kegan Cove,2014,20.90905249
Kelp Bay Middle Arm Head,2014,77.61569875
Kelp Bay Portage Arm,2014,77.61569875
Ketchikan Creek,2014,5.9362497
King George Creek,2014,23.1920518
Kizhuchia Creek,2014,61.81293827
Kudays Creek S Etolin,2014,0
Limestone Creek,2014,33.5786626
Limit Creek,2014,51.54927922
Little Pybus Bay Creek,2014,6.403969193
Little Ratz Creek,2014,0
Liza Creek-Nakwasina Sound,2014,61.81293827
Lookout Point Creek,2014,29.05776005
Loring Creek,2014,65.30784136
Lovers Cove Creek,2014,27.96730617
Lucky Cove,2014,5.9362497
Margaret Creek,2014,65.30784136
Margarita Creek,2014,65.30784136
Marine Cove,2014,0.837356407
McHenry Anchorage Creek,2014,0
Middle Point Creek,2014,63.46262824
Miller Lake Creek,2014,20.90905249
Moser Bay,2014,65.30784136
Mosman Creek E Head,2014,0
Mosman Inlet NW Head,2014,0
Mosman Inlet SE Head,2014,0
N of Pt. Glass Penn,2014,13.84253615
Naha River,2014,65.30784136
Nakwasina River,2014,61.81293827
Narrows Creek,2014,38.57958158
Navy Creek,2014,0
Neal Creek,2014,27.96730617
Noson Creek,2014,61.81293827
P Malmesbury Lake Ck,2014,27.96730617
P Malmesbury S Arm E,2014,27.96730617
P Malmesbury S Arm S,2014,27.96730617
Patterson Bay Head,2014,27.96730617
Perkins Creek,2014,20.90905249
Petersburg Creek,2014,0
Piledriver Cove NW Kuiu,2014,22.65379086
Point Howard Creek,2014,43.7265018
Point White Creek,2014,29.05776005
Porcupine Creek,2014,0
Portage Bay Head,2014,0
Prospect Creek,2014,13.84253615
Ralphs Creek,2014,77.61569875
Ratz Harbor Creek,2014,0
Robinson Creek,2014,55.85050438
S Etolin Island East,2014,0
S of Midway Point,2014,13.84253615
S of Pt. Glass Penn,2014,13.84253615
S of St. James Point,2014,55.85050438
Saginaw Bay S Head,2014,29.05776005
Saginaw Creek,2014,29.05776005
Sal Creek,2014,0
Salmon Lake Stream,2014,61.81293827
Salt Chuck-Security Bay,2014,22.65379086
Sashin Creek,2014,27.96730617
Sawmill Creek,2014,55.85050438
Schooner Island,2014,29.05776005
Sea Lion Cove,2014,65.30784136
Security Bay Creek,2014,29.05776005
Security Bay S Mid,2014,29.05776005
Security Bay S Side,2014,29.05776005
Slocum Creek,2014,43.25951085
Snake Creek Olive Cove,2014,23.1920518
Spacious Bay R Head,2014,65.30784136
Spit Creek,2014,5.9362497
St. James Bay NW Side,2014,55.85050438
St. James Creek,2014,55.85050438
St. John Baptist Head,2014,0.837356407
Stewart Creek,2014,65.30784136
Streets Creek-Rocky Bay,2014,0
Sukoi Inlet W Side,2014,0.837356407
Sullivan Creek,2014,12.12400259
Surprise Harbor East,2014,100.2694896
SW of Pinta Rocks,2014,29.05776005
Sweetheart Creek,2014,13.84253615
Tavin Creek,2014,27.96730617
Thoms Creek,2014,23.1920518
Traitors Cove Creek,2014,65.30784136
Trout Creek-McHenry Inlet,2014,0
Turner Creek,2014,33.5786626
Twelvemile Creek Fred S,2014,0
Twin Point Creek,2014,13.84253615
Tyee Head East,2014,100.2694896
Vallenar Creek,2014,5.9362497
W Crawfish N Arm NE,2014,0
W Crawfish NE Arm Hd,2014,0
Wasta Creek,2014,65.30784136
West Cabin Creek,2014,19.73612645
Whitewater Creek,2014,77.61569875
Whitewater S Arm Head,2014,77.61569875
Willie's Creek,2014,55.85050438
Wilson Cove SE,2014,77.61569875
Wilson River,2014,77.61569875
Woewodski Harbor,2014,29.05776005
Wolf Creek,2014,65.30784136
1st E Schooner Island,2015,23.1679375
1st S of Twin Point,2015,14.17528169
1st W Admiralty Creek,2015,23.27630346
2nd W Joyce Creek,2015,27.12400006
2nd W of West Point,2015,0
3rd S of Twin Point,2015,14.17528169
Admiralty Creek,2015,34.73576974
Aiken Cove,2015,24.8838394
Anita Bay Head W,2015,22.44697852
Barlow Cove W Shore,2015,60.24278955
Barlow Head Creek,2015,60.24278955
Bear Creek-Stephens Pas,2015,44.34977803
Beardslee River,2015,60.24278955
Bergmann Creek,2015,23.1679375
Berners River,2015,60.24278955
Bostwick Bay SW Side,2015,6.554820168
Bostwick Creek,2015,6.554820168
Brad Creek NW Anita Bay,2015,22.44697852
Cabin Creek-Admiralty Island,2015,23.27630346
Camp Coogan,2015,65.54088838
Cathedral Falls Creek,2015,23.1679375
Chaik Bay Creek,2015,79.15120319
Chapin Bay Head,2015,23.1679375
Chilkat River,2015,3.385645643
Chum Creek S Etolin Mid,2015,0
Chum Creek-Coffman,2015,0
Clear River Kelp Bay,2015,79.15120319
Coffman Creek,2015,0
Cowee Creek-Berners Bay,2015,60.24278955
Curtiss Creek,2015,95.42529179
Dale Creek-Francis Anch,2015,0
Dall Head Creek,2015,31.43865957
Deanna Creek,2015,73.11629996
Deep Cove NW Head,2015,27.12400006
Dog Salmon NE Etolin,2015,22.44697852
Dry Bay Creek,2015,0
Eagle Creek-Luck Lake,2015,0
Eliza Harbor West Side,2015,23.1679375
Eliza Lake Creek,2015,23.1679375
Endicott River,2015,15.89301152
Farragut Bay N Arm,2015,0
Farragut River,2015,0
Fish Creek,2015,44.34977803
Fisherman Chuck,2015,22.44697852
Fivemile Creek Sukoi Island,2015,0
Flat Creek-Mosman Inlet,2015,0
Fowler Creek-Young Bay,2015,23.27630346
Gedney Harbor S Head,2015,27.12400006
Gilbert Creek,2015,14.17528169
Gods Pocket North,2015,27.12400006
Gods Pocket West,2015,27.12400006
Granite Creek,2015,73.11629996
Grant Creek-Gravina,2015,6.554820168
Hamilton River,2015,23.1679375
Hanus Bay,2015,37.95424285
Harry Bay,2015,13.2240943
Heckman Creek,2015,73.11629996
Heckman Point North,2015,73.11629996
Herman Creek,2015,3.385645643
Herring Bay East,2015,23.1679375
Herring Bay Middle,2015,23.1679375
Herring Cove,2015,6.554820168
Hilda Creek,2015,48.91105143
Howard Bay NW Side,2015,44.34977803
Howard Bay W Side,2015,44.34977803
Jenny Creek,2015,23.1679375
Johnson Cove Creek,2015,24.8838394
Joyce Creek Malmesbury,2015,27.12400006
Kadake Creek,2015,23.1679375
Katlian Bay S Fork,2015,65.54088838
Katlian River,2015,65.54088838
Kegan Cove,2015,24.8838394
Kelp Bay Middle Arm Head,2015,79.15120319
Kelp Bay Portage Arm,2015,79.15120319
Ketchikan Creek,2015,6.554820168
King George Creek,2015,22.44697852
Kizhuchia Creek,2015,65.54088838
Kudays Creek S Etolin,2015,0
Limestone Creek,2015,37.45158515
Limit Creek,2015,49.71464558
Little Pybus Bay Creek,2015,6.893848895
Little Ratz Creek,2015,0
Liza Creek-Nakwasina Sound,2015,65.54088838
Lookout Point Creek,2015,23.1679375
Loring Creek,2015,73.11629996
Lovers Cove Creek,2015,27.12400006
Lucky Cove,2015,6.554820168
Margaret Creek,2015,73.11629996
Margarita Creek,2015,73.11629996
Marine Cove,2015,0.547708192
McHenry Anchorage Creek,2015,0
Middle Point Creek,2015,67.62608149
Miller Lake Creek,2015,24.8838394
Moser Bay,2015,73.11629996
Mosman Creek E Head,2015,0
Mosman Inlet NW Head,2015,0
Mosman Inlet SE Head,2015,0
N of Pt. Glass Penn,2015,14.17528169
Naha River,2015,73.11629996
Nakwasina River,2015,65.54088838
Narrows Creek,2015,37.95424285
Navy Creek,2015,0
Neal Creek,2015,27.12400006
Noson Creek,2015,65.54088838
P Malmesbury Lake Ck,2015,27.12400006
P Malmesbury S Arm E,2015,27.12400006
P Malmesbury S Arm S,2015,27.12400006
Patterson Bay Head,2015,27.12400006
Perkins Creek,2015,24.8838394
Petersburg Creek,2015,0
Piledriver Cove NW Kuiu,2015,16.27408861
Point Howard Creek,2015,44.34977803
Point White Creek,2015,23.1679375
Porcupine Creek,2015,0
Portage Bay Head,2015,0
Prospect Creek,2015,14.17528169
Ralphs Creek,2015,79.15120319
Ratz Harbor Creek,2015,0
Robinson Creek,2015,60.24278955
S Etolin Island East,2015,0
S of Midway Point,2015,14.17528169
S of Pt. Glass Penn,2015,14.17528169
S of St. James Point,2015,60.24278955
Saginaw Bay S Head,2015,23.1679375
Saginaw Creek,2015,23.1679375
Sal Creek,2015,0
Salmon Lake Stream,2015,65.54088838
Salt Chuck-Security Bay,2015,16.27408861
Sashin Creek,2015,27.12400006
Sawmill Creek,2015,60.24278955
Schooner Island,2015,23.1679375
Sea Lion Cove,2015,73.11629996
Security Bay Creek,2015,23.1679375
Security Bay S Mid,2015,23.1679375
Security Bay S Side,2015,23.1679375
Slocum Creek,2015,48.91105143
Snake Creek Olive Cove,2015,22.44697852
Spacious Bay R Head,2015,73.11629996
Spit Creek,2015,6.554820168
St. James Bay NW Side,2015,60.24278955
St. James Creek,2015,60.24278955
St. John Baptist Head,2015,0.547708192
Stewart Creek,2015,73.11629996
Streets Creek-Rocky Bay,2015,0
Sukoi Inlet W Side,2015,0.547708192
Sullivan Creek,2015,15.89301152
Surprise Harbor East,2015,95.42529179
SW of Pinta Rocks,2015,23.1679375
Sweetheart Creek,2015,14.17528169
Tavin Creek,2015,27.12400006
Thoms Creek,2015,22.44697852
Traitors Cove Creek,2015,73.11629996
Trout Creek-McHenry Inlet,2015,0
Turner Creek,2015,37.45158515
Twelvemile Creek Fred S,2015,0
Twin Point Creek,2015,14.17528169
Tyee Head East,2015,95.42529179
Vallenar Creek,2015,6.554820168
W Crawfish N Arm NE,2015,0
W Crawfish NE Arm Hd,2015,0
Wasta Creek,2015,73.11629996
West Cabin Creek,2015,23.27630346
Whitewater Creek,2015,79.15120319
Whitewater S Arm Head,2015,79.15120319
Willie's Creek,2015,60.24278955
Wilson Cove SE,2015,79.15120319
Wilson River,2015,79.15120319
Woewodski Harbor,2015,23.1679375
Wolf Creek,2015,73.11629996
1st E Schooner Island,2017,45.3000887
1st S of Twin Point,2017,14.7983066
1st W Admiralty Creek,2017,23.61728714
2nd W Joyce Creek,2017,25.17691839
2nd W of West Point,2017,0
3rd S of Twin Point,2017,14.7983066
Admiralty Creek,2017,35.03101952
Aiken Cove,2017,18.09459329
Anita Bay Head W,2017,22.37302949
Barlow Cove W Shore,2017,64.79306714
Barlow Head Creek,2017,64.79306714
Bear Creek-Stephens Pas,2017,42.13197914
Beardslee River,2017,64.79306714
Bergmann Creek,2017,45.3000887
Berners River,2017,64.79306714
Bostwick Bay SW Side,2017,10.27724816
Bostwick Creek,2017,10.27724816
Brad Creek NW Anita Bay,2017,22.37302949
Cabin Creek-Admiralty Island,2017,23.61728714
Camp Coogan,2017,72.83926493
Cathedral Falls Creek,2017,45.3000887
Chaik Bay Creek,2017,74.6661072
Chapin Bay Head,2017,45.3000887
Chilkat River,2017,3.101040059
Chum Creek S Etolin Mid,2017,3.372854998
Chum Creek-Coffman,2017,3.372854998
Clear River Kelp Bay,2017,74.6661072
Coffman Creek,2017,3.372854998
Cowee Creek-Berners Bay,2017,64.79306714
Curtiss Creek,2017,110.3726453
Dale Creek-Francis Anch,2017,0
Dall Head Creek,2017,28.37184145
Deanna Creek,2017,80.83230406
Deep Cove NW Head,2017,25.17691839
Dog Salmon NE Etolin,2017,22.37302949
Dry Bay Creek,2017,0
Eagle Creek-Luck Lake,2017,3.372854998
Eliza Harbor West Side,2017,45.3000887
Eliza Lake Creek,2017,45.3000887
Endicott River,2017,22.661088
Farragut Bay N Arm,2017,0
Farragut River,2017,0
Fish Creek,2017,42.13197914
Fisherman Chuck,2017,22.37302949
Fivemile Creek Sukoi Island,2017,0
Flat Creek-Mosman Inlet,2017,3.372854998
Fowler Creek-Young Bay,2017,23.61728714
Gedney Harbor S Head,2017,25.17691839
Gilbert Creek,2017,14.7983066
Gods Pocket North,2017,25.17691839
Gods Pocket West,2017,25.17691839
Granite Creek,2017,80.83230406
Grant Creek-Gravina,2017,10.27724816
Hamilton River,2017,45.3000887
Hanus Bay,2017,33.16382652
Harry Bay,2017,10.81821092
Heckman Creek,2017,80.83230406
Heckman Point North,2017,80.83230406
Herman Creek,2017,3.101040059
Herring Bay East,2017,45.3000887
Herring Bay Middle,2017,45.3000887
Herring Cove,2017,10.27724816
Hilda Creek,2017,49.82932612
Howard Bay NW Side,2017,42.13197914
Howard Bay W Side,2017,42.13197914
Jenny Creek,2017,45.3000887
Johnson Cove Creek,2017,18.09459329
Joyce Creek Malmesbury,2017,25.17691839
Kadake Creek,2017,45.3000887
Katlian Bay S Fork,2017,72.83926493
Katlian River,2017,72.83926493
Kegan Cove,2017,18.09459329
Kelp Bay Middle Arm Head,2017,74.6661072
Kelp Bay Portage Arm,2017,74.6661072
Ketchikan Creek,2017,10.27724816
King George Creek,2017,22.37302949
Kizhuchia Creek,2017,73.3522738
Kudays Creek S Etolin,2017,3.372854998
Limestone Creek,2017,38.41559373
Limit Creek,2017,54.29437885
Little Pybus Bay Creek,2017,9.59355061
Little Ratz Creek,2017,3.372854998
Liza Creek-Nakwasina Sound,2017,72.83926493
Lookout Point Creek,2017,45.3000887
Loring Creek,2017,80.83230406
Lovers Cove Creek,2017,25.17691839
Lucky Cove,2017,10.27724816
Margaret Creek,2017,80.83230406
Margarita Creek,2017,80.83230406
Marine Cove,2017,2.175895787
McHenry Anchorage Creek,2017,3.372854998
Middle Point Creek,2017,65.74926628
Miller Lake Creek,2017,18.09459329
Moser Bay,2017,80.83230406
Mosman Creek E Head,2017,3.372854998
Mosman Inlet NW Head,2017,3.372854998
Mosman Inlet SE Head,2017,3.372854998
N of Pt. Glass Penn,2017,14.7983066
Naha River,2017,80.83230406
Nakwasina River,2017,72.83926493
Narrows Creek,2017,33.16382652
Navy Creek,2017,3.372854998
Neal Creek,2017,25.17691839
Noson Creek,2017,72.83926493
P Malmesbury Lake Ck,2017,25.17691839
P Malmesbury S Arm E,2017,25.17691839
P Malmesbury S Arm S,2017,25.17691839
Patterson Bay Head,2017,25.17691839
Perkins Creek,2017,18.09459329
Petersburg Creek,2017,0
Piledriver Cove NW Kuiu,2017,35.70653809
Point Howard Creek,2017,42.13197914
Point White Creek,2017,45.3000887
Porcupine Creek,2017,3.372854998
Portage Bay Head,2017,0
Prospect Creek,2017,14.7983066
Ralphs Creek,2017,74.6661072
Ratz Harbor Creek,2017,3.372854998
Robinson Creek,2017,64.79306714
S Etolin Island East,2017,3.372854998
S of Midway Point,2017,14.7983066
S of Pt. Glass Penn,2017,14.7983066
S of St. James Point,2017,64.79306714
Saginaw Bay S Head,2017,45.3000887
Saginaw Creek,2017,45.3000887
Sal Creek,2017,3.372854998
Salmon Lake Stream,2017,72.83926493
Salt Chuck-Security Bay,2017,35.70653809
Sashin Creek,2017,25.17691839
Sawmill Creek,2017,64.79306714
Schooner Island,2017,45.3000887
Sea Lion Cove,2017,80.83230406
Security Bay Creek,2017,45.3000887
Security Bay S Mid,2017,45.3000887
Security Bay S Side,2017,45.3000887
Slocum Creek,2017,49.82932612
Snake Creek Olive Cove,2017,22.37302949
Spacious Bay R Head,2017,80.83230406
Spit Creek,2017,10.27724816
St. James Bay NW Side,2017,64.79306714
St. James Creek,2017,64.79306714
St. John Baptist Head,2017,2.175895787
Stewart Creek,2017,80.83230406
Streets Creek-Rocky Bay,2017,3.372854998
Sukoi Inlet W Side,2017,2.175895787
Sullivan Creek,2017,22.661088
Surprise Harbor East,2017,110.3726453
SW of Pinta Rocks,2017,45.3000887
Sweetheart Creek,2017,14.7983066
Tavin Creek,2017,25.17691839
Thoms Creek,2017,22.37302949
Traitors Cove Creek,2017,80.83230406
Trout Creek-McHenry Inlet,2017,3.372854998
Turner Creek,2017,38.41559373
Twelvemile Creek Fred S,2017,0
Twin Point Creek,2017,14.7983066
Tyee Head East,2017,110.3726453
Vallenar Creek,2017,10.27724816
W Crawfish N Arm NE,2017,0.513008868
W Crawfish NE Arm Hd,2017,0.513008868
Wasta Creek,2017,80.83230406
West Cabin Creek,2017,23.61728714
Whitewater Creek,2017,74.6661072
Whitewater S Arm Head,2017,74.6661072
Willie's Creek,2017,64.79306714
Wilson Cove SE,2017,74.6661072
Wilson River,2017,74.6661072
Woewodski Harbor,2017,45.3000887
Wolf Creek,2017,80.83230406
1st E Schooner Island,2018,26.53442822
1st S of Twin Point,2018,13.9509707
1st W Admiralty Creek,2018,22.33441007
2nd W Joyce Creek,2018,24.05549495
2nd W of West Point,2018,0
3rd S of Twin Point,2018,13.9509707
Admiralty Creek,2018,33.95722721
Aiken Cove,2018,11.45838807
Anita Bay Head W,2018,22.88729256
Barlow Cove W Shore,2018,61.92278769
Barlow Head Creek,2018,61.92278769
Bear Creek-Stephens Pas,2018,40.24592079
Beardslee River,2018,61.92278769
Bergmann Creek,2018,26.53442822
Berners River,2018,61.92278769
Bostwick Bay SW Side,2018,10.63530572
Bostwick Creek,2018,10.63530572
Brad Creek NW Anita Bay,2018,22.88729256
Cabin Creek-Admiralty Island,2018,22.33441007
Camp Coogan,2018,76.90744216
Cathedral Falls Creek,2018,26.53442822
Chaik Bay Creek,2018,74.44234926
Chapin Bay Head,2018,26.53442822
Chilkat River,2018,3.252106147
Chum Creek S Etolin Mid,2018,8.014130031
Chum Creek-Coffman,2018,8.014130031
Clear River Kelp Bay,2018,74.44234926
Coffman Creek,2018,8.014130031
Cowee Creek-Berners Bay,2018,61.92278769
Curtiss Creek,2018,97.48157364
Dale Creek-Francis Anch,2018,0
Dall Head Creek,2018,22.09369379
Deanna Creek,2018,76.71530894
Deep Cove NW Head,2018,24.05549495
Dog Salmon NE Etolin,2018,22.88729256
Dry Bay Creek,2018,0
Eagle Creek-Luck Lake,2018,8.014130031
Eliza Harbor West Side,2018,26.53442822
Eliza Lake Creek,2018,26.53442822
Endicott River,2018,21.6768669
Farragut Bay N Arm,2018,0
Farragut River,2018,0
Fish Creek,2018,40.24592079
Fisherman Chuck,2018,22.88729256
Fivemile Creek Sukoi Island,2018,0
Flat Creek-Mosman Inlet,2018,8.014130031
Fowler Creek-Young Bay,2018,22.33441007
Gedney Harbor S Head,2018,24.05549495
Gilbert Creek,2018,13.9509707
Gods Pocket North,2018,24.05549495
Gods Pocket West,2018,24.05549495
Granite Creek,2018,76.71530894
Grant Creek-Gravina,2018,10.63530572
Hamilton River,2018,26.53442822
Hanus Bay,2018,31.67527562
Harry Bay,2018,12.89127613
Heckman Creek,2018,76.71530894
Heckman Point North,2018,76.71530894
Herman Creek,2018,3.252106147
Herring Bay East,2018,26.53442822
Herring Bay Middle,2018,26.53442822
Herring Cove,2018,10.63530572
Hilda Creek,2018,47.90819792
Howard Bay NW Side,2018,40.24592079
Howard Bay W Side,2018,40.24592079
Jenny Creek,2018,26.53442822
Johnson Cove Creek,2018,11.45838807
Joyce Creek Malmesbury,2018,24.05549495
Kadake Creek,2018,26.53442822
Katlian Bay S Fork,2018,76.90744216
Katlian River,2018,76.90744216
Kegan Cove,2018,11.45838807
Kelp Bay Middle Arm Head,2018,74.44234926
Kelp Bay Portage Arm,2018,74.44234926
Ketchikan Creek,2018,10.63530572
King George Creek,2018,22.88729256
Kizhuchia Creek,2018,86.15798253
Kudays Creek S Etolin,2018,8.014130031
Limestone Creek,2018,36.28538077
Limit Creek,2018,58.47936843
Little Pybus Bay Creek,2018,3.495203837
Little Ratz Creek,2018,8.014130031
Liza Creek-Nakwasina Sound,2018,76.90744216
Lookout Point Creek,2018,26.53442822
Loring Creek,2018,76.71530894
Lovers Cove Creek,2018,24.05549495
Lucky Cove,2018,10.63530572
Margaret Creek,2018,76.71530894
Margarita Creek,2018,76.71530894
Marine Cove,2018,2.56535847
McHenry Anchorage Creek,2018,8.014130031
Middle Point Creek,2018,62.58033086
Miller Lake Creek,2018,11.45838807
Moser Bay,2018,76.71530894
Mosman Creek E Head,2018,8.014130031
Mosman Inlet NW Head,2018,8.014130031
Mosman Inlet SE Head,2018,8.014130031
N of Pt. Glass Penn,2018,13.9509707
Naha River,2018,76.71530894
Nakwasina River,2018,76.90744216
Narrows Creek,2018,31.67527562
Navy Creek,2018,8.014130031
Neal Creek,2018,24.05549495
Noson Creek,2018,76.90744216
P Malmesbury Lake Ck,2018,24.05549495
P Malmesbury S Arm E,2018,24.05549495
P Malmesbury S Arm S,2018,24.05549495
Patterson Bay Head,2018,24.05549495
Perkins Creek,2018,11.45838807
Petersburg Creek,2018,0
Piledriver Cove NW Kuiu,2018,23.03922438
Point Howard Creek,2018,40.24592079
Point White Creek,2018,26.53442822
Porcupine Creek,2018,8.014130031
Portage Bay Head,2018,0
Prospect Creek,2018,13.9509707
Ralphs Creek,2018,74.44234926
Ratz Harbor Creek,2018,8.014130031
Robinson Creek,2018,61.92278769
S Etolin Island East,2018,8.014130031
S of Midway Point,2018,13.9509707
S of Pt. Glass Penn,2018,13.9509707
S of St. James Point,2018,61.92278769
Saginaw Bay S Head,2018,26.53442822
Saginaw Creek,2018,26.53442822
Sal Creek,2018,8.014130031
Salmon Lake Stream,2018,76.90744216
Salt Chuck-Security Bay,2018,23.03922438
Sashin Creek,2018,24.05549495
Sawmill Creek,2018,61.92278769
Schooner Island,2018,26.53442822
Sea Lion Cove,2018,76.71530894
Security Bay Creek,2018,26.53442822
Security Bay S Mid,2018,26.53442822
Security Bay S Side,2018,26.53442822
Slocum Creek,2018,47.90819792
Snake Creek Olive Cove,2018,22.88729256
Spacious Bay R Head,2018,76.71530894
Spit Creek,2018,10.63530572
St. James Bay NW Side,2018,61.92278769
St. James Creek,2018,61.92278769
St. John Baptist Head,2018,2.56535847
Stewart Creek,2018,76.71530894
Streets Creek-Rocky Bay,2018,8.014130031
Sukoi Inlet W Side,2018,2.56535847
Sullivan Creek,2018,21.6768669
Surprise Harbor East,2018,97.48157364
SW of Pinta Rocks,2018,26.53442822
Sweetheart Creek,2018,13.9509707
Tavin Creek,2018,24.05549495
Thoms Creek,2018,22.88729256
Traitors Cove Creek,2018,76.71530894
Trout Creek-McHenry Inlet,2018,8.014130031
Turner Creek,2018,36.28538077
Twelvemile Creek Fred S,2018,0
Twin Point Creek,2018,13.9509707
Tyee Head East,2018,97.48157364
Vallenar Creek,2018,10.63530572
W Crawfish N Arm NE,2018,9.250540365
W Crawfish NE Arm Hd,2018,9.250540365
Wasta Creek,2018,76.71530894
West Cabin Creek,2018,22.33441007
Whitewater Creek,2018,74.44234926
Whitewater S Arm Head,2018,74.44234926
Willie's Creek,2018,61.92278769
Wilson Cove SE,2018,74.44234926
Wilson River,2018,74.44234926
Woewodski Harbor,2018,26.53442822
Wolf Creek,2018,76.71530894
1st E Schooner Island,2019,34.07564514
1st S of Twin Point,2019,13.27579536
1st W Admiralty Creek,2019,20.1919095
2nd W Joyce Creek,2019,30.31657157
2nd W of West Point,2019,0.840251831
3rd S of Twin Point,2019,13.27579536
Admiralty Creek,2019,30.97591341
Aiken Cove,2019,19.09742596
Anita Bay Head W,2019,22.44534802
Barlow Cove W Shore,2019,55.20941869
Barlow Head Creek,2019,55.20941869
Bear Creek-Stephens Pas,2019,34.47241997
Beardslee River,2019,55.20941869
Bergmann Creek,2019,34.07564514
Berners River,2019,55.20941869
Bostwick Bay SW Side,2019,11.7105038
Bostwick Creek,2019,11.7105038
Brad Creek NW Anita Bay,2019,22.44534802
Cabin Creek-Admiralty Island,2019,20.1919095
Camp Coogan,2019,73.63921463
Cathedral Falls Creek,2019,34.07564514
Chaik Bay Creek,2019,79.86574909
Chapin Bay Head,2019,34.07564514
Chilkat River,2019,1.179018241
Chum Creek S Etolin Mid,2019,10.63943136
Chum Creek-Coffman,2019,10.63943136
Clear River Kelp Bay,2019,79.86574909
Coffman Creek,2019,10.63943136
Cowee Creek-Berners Bay,2019,55.20941869
Curtiss Creek,2019,113.9413942
Dale Creek-Francis Anch,2019,0.840251831
Dall Head Creek,2019,30.80792976
Deanna Creek,2019,78.1030199
Deep Cove NW Head,2019,30.31657157
Dog Salmon NE Etolin,2019,22.44534802
Dry Bay Creek,2019,0.840251831
Eagle Creek-Luck Lake,2019,10.63943136
Eliza Harbor West Side,2019,34.07564514
Eliza Lake Creek,2019,34.07564514
Endicott River,2019,20.73699872
Farragut Bay N Arm,2019,0.840251831
Farragut River,2019,0.840251831
Fish Creek,2019,34.47241997
Fisherman Chuck,2019,22.44534802
Fivemile Creek Sukoi Island,2019,0.840251831
Flat Creek-Mosman Inlet,2019,10.63943136
Fowler Creek-Young Bay,2019,20.1919095
Gedney Harbor S Head,2019,30.31657157
Gilbert Creek,2019,13.27579536
Gods Pocket North,2019,30.31657157
Gods Pocket West,2019,30.31657157
Granite Creek,2019,78.1030199
Grant Creek-Gravina,2019,11.7105038
Hamilton River,2019,34.07564514
Hanus Bay,2019,41.26681288
Harry Bay,2019,16.09341211
Heckman Creek,2019,78.1030199
Heckman Point North,2019,78.1030199
Herman Creek,2019,1.179018241
Herring Bay East,2019,34.07564514
Herring Bay Middle,2019,34.07564514
Herring Cove,2019,11.7105038
Hilda Creek,2019,44.25170877
Howard Bay NW Side,2019,34.47241997
Howard Bay W Side,2019,34.47241997
Jenny Creek,2019,34.07564514
Johnson Cove Creek,2019,19.09742596
Joyce Creek Malmesbury,2019,30.31657157
Kadake Creek,2019,34.07564514
Katlian Bay S Fork,2019,73.63921463
Katlian River,2019,73.63921463
Kegan Cove,2019,19.09742596
Kelp Bay Middle Arm Head,2019,79.86574909
Kelp Bay Portage Arm,2019,79.86574909
Ketchikan Creek,2019,11.7105038
King George Creek,2019,22.44534802
Kizhuchia Creek,2019,96.20966185
Kudays Creek S Etolin,2019,10.63943136
Limestone Creek,2019,33.46770486
Limit Creek,2019,55.04296068
Little Pybus Bay Creek,2019,0
Little Ratz Creek,2019,10.63943136
Liza Creek-Nakwasina Sound,2019,73.63921463
Lookout Point Creek,2019,34.07564514
Loring Creek,2019,78.1030199
Lovers Cove Creek,2019,30.31657157
Lucky Cove,2019,11.7105038
Margaret Creek,2019,78.1030199
Margarita Creek,2019,78.1030199
Marine Cove,2019,2.615044881
McHenry Anchorage Creek,2019,10.63943136
Middle Point Creek,2019,54.66432946
Miller Lake Creek,2019,19.09742596
Moser Bay,2019,78.1030199
Mosman Creek E Head,2019,10.63943136
Mosman Inlet NW Head,2019,10.63943136
Mosman Inlet SE Head,2019,10.63943136
N of Pt. Glass Penn,2019,13.27579536
Naha River,2019,78.1030199
Nakwasina River,2019,73.63921463
Narrows Creek,2019,41.26681288
Navy Creek,2019,10.63943136
Neal Creek,2019,30.31657157
Noson Creek,2019,73.63921463
P Malmesbury Lake Ck,2019,30.31657157
P Malmesbury S Arm E,2019,30.31657157
P Malmesbury S Arm S,2019,30.31657157
Patterson Bay Head,2019,30.31657157
Perkins Creek,2019,19.09742596
Petersburg Creek,2019,0.840251831
Piledriver Cove NW Kuiu,2019,34.07564514
Point Howard Creek,2019,34.47241997
Point White Creek,2019,34.07564514
Porcupine Creek,2019,10.63943136
Portage Bay Head,2019,0.840251831
Prospect Creek,2019,13.27579536
Ralphs Creek,2019,79.86574909
Ratz Harbor Creek,2019,10.63943136
Robinson Creek,2019,55.20941869
S Etolin Island East,2019,10.63943136
S of Midway Point,2019,13.27579536
S of Pt. Glass Penn,2019,13.27579536
S of St. James Point,2019,55.20941869
Saginaw Bay S Head,2019,34.07564514
Saginaw Creek,2019,34.07564514
Sal Creek,2019,10.63943136
Salmon Lake Stream,2019,73.63921463
Salt Chuck-Security Bay,2019,34.07564514
Sashin Creek,2019,30.31657157
Sawmill Creek,2019,55.20941869
Schooner Island,2019,34.07564514
Sea Lion Cove,2019,78.1030199
Security Bay Creek,2019,34.07564514
Security Bay S Mid,2019,34.07564514
Security Bay S Side,2019,34.07564514
Slocum Creek,2019,44.25170877
Snake Creek Olive Cove,2019,22.44534802
Spacious Bay R Head,2019,78.1030199
Spit Creek,2019,11.7105038
St. James Bay NW Side,2019,55.20941869
St. James Creek,2019,55.20941869
St. John Baptist Head,2019,2.615044881
Stewart Creek,2019,78.1030199
Streets Creek-Rocky Bay,2019,10.63943136
Sukoi Inlet W Side,2019,2.615044881
Sullivan Creek,2019,20.73699872
Surprise Harbor East,2019,113.9413942
SW of Pinta Rocks,2019,34.07564514
Sweetheart Creek,2019,13.27579536
Tavin Creek,2019,30.31657157
Thoms Creek,2019,22.44534802
Traitors Cove Creek,2019,78.1030199
Trout Creek-McHenry Inlet,2019,10.63943136
Turner Creek,2019,33.46770486
Twelvemile Creek Fred S,2019,0.840251831
Twin Point Creek,2019,13.27579536
Tyee Head East,2019,113.9413942
Vallenar Creek,2019,11.7105038
W Crawfish N Arm NE,2019,22.57044722
W Crawfish NE Arm Hd,2019,22.57044722
Wasta Creek,2019,78.1030199
West Cabin Creek,2019,20.1919095
Whitewater Creek,2019,79.86574909
Whitewater S Arm Head,2019,79.86574909
Willie's Creek,2019,55.20941869
Wilson Cove SE,2019,79.86574909
Wilson River,2019,79.86574909
Woewodski Harbor,2019,34.07564514
Wolf Creek,2019,78.1030199